-- phpMyAdmin SQL Dump
-- version 5.2.1
-- https://www.phpmyadmin.net/
--
-- Host: 127.0.0.1
-- Generation Time: Jun 29, 2026 at 10:08 AM
-- Server version: 10.4.32-MariaDB
-- PHP Version: 8.0.30

SET SQL_MODE = "NO_AUTO_VALUE_ON_ZERO";
START TRANSACTION;
SET time_zone = "+00:00";


/*!40101 SET @OLD_CHARACTER_SET_CLIENT=@@CHARACTER_SET_CLIENT */;
/*!40101 SET @OLD_CHARACTER_SET_RESULTS=@@CHARACTER_SET_RESULTS */;
/*!40101 SET @OLD_COLLATION_CONNECTION=@@COLLATION_CONNECTION */;
/*!40101 SET NAMES utf8mb4 */;

--
-- Database: `smart_student_system`
--

-- --------------------------------------------------------

--
-- Table structure for table `attendance`
--

CREATE TABLE `attendance` (
  `attendance_id` int(11) NOT NULL,
  `student_id` int(11) NOT NULL,
  `course_id` int(11) NOT NULL,
  `attendance_date` date NOT NULL,
  `status` enum('Present','Absent') NOT NULL,
  `marked_by` int(11) DEFAULT NULL
) ENGINE=InnoDB DEFAULT CHARSET=utf8mb4 COLLATE=utf8mb4_unicode_ci;

--
-- Dumping data for table `attendance`
--

INSERT INTO `attendance` (`attendance_id`, `student_id`, `course_id`, `attendance_date`, `status`, `marked_by`) VALUES
(1, 2, 1, '2026-01-06', 'Present', NULL),
(2, 3, 1, '2026-01-06', 'Present', NULL),
(3, 4, 1, '2026-01-06', 'Present', NULL),
(4, 5, 1, '2026-01-06', 'Present', NULL),
(5, 6, 1, '2026-01-06', 'Present', NULL),
(6, 7, 1, '2026-01-06', 'Present', NULL),
(7, 8, 1, '2026-01-06', 'Present', NULL),
(8, 9, 1, '2026-01-06', 'Present', NULL),
(9, 10, 1, '2026-01-06', 'Present', NULL),
(10, 11, 1, '2026-01-06', 'Present', NULL),
(11, 2, 2, '2026-01-06', 'Present', NULL),
(12, 3, 2, '2026-01-06', 'Present', NULL),
(13, 4, 2, '2026-01-06', 'Present', NULL),
(14, 5, 2, '2026-01-06', 'Present', NULL),
(15, 6, 2, '2026-01-06', 'Present', NULL),
(16, 7, 2, '2026-01-06', 'Present', NULL),
(17, 8, 2, '2026-01-06', 'Present', NULL),
(18, 9, 2, '2026-01-06', 'Present', NULL),
(19, 10, 2, '2026-01-06', 'Present', NULL),
(20, 11, 2, '2026-01-06', 'Absent', NULL),
(21, 2, 3, '2026-01-06', 'Present', NULL),
(22, 3, 3, '2026-01-06', 'Present', NULL),
(23, 4, 3, '2026-01-06', 'Present', NULL),
(24, 5, 3, '2026-01-06', 'Present', NULL),
(25, 6, 3, '2026-01-06', 'Present', NULL),
(26, 7, 3, '2026-01-06', 'Absent', NULL),
(27, 8, 3, '2026-01-06', 'Present', NULL),
(28, 9, 3, '2026-01-06', 'Absent', NULL),
(29, 10, 3, '2026-01-06', 'Present', NULL),
(30, 11, 3, '2026-01-06', 'Absent', NULL),
(31, 12, 4, '2026-01-06', 'Present', NULL),
(32, 13, 4, '2026-01-06', 'Present', NULL),
(33, 14, 4, '2026-01-06', 'Present', NULL),
(34, 15, 4, '2026-01-06', 'Present', NULL),
(35, 16, 4, '2026-01-06', 'Absent', NULL),
(36, 17, 4, '2026-01-06', 'Present', NULL),
(37, 18, 4, '2026-01-06', 'Present', NULL),
(38, 19, 4, '2026-01-06', 'Present', NULL),
(39, 20, 4, '2026-01-06', 'Present', NULL),
(40, 21, 4, '2026-01-06', 'Present', NULL),
(41, 12, 5, '2026-01-06', 'Present', NULL),
(42, 13, 5, '2026-01-06', 'Absent', NULL),
(43, 14, 5, '2026-01-06', 'Present', NULL),
(44, 15, 5, '2026-01-06', 'Absent', NULL),
(45, 16, 5, '2026-01-06', 'Present', NULL),
(46, 17, 5, '2026-01-06', 'Present', NULL),
(47, 18, 5, '2026-01-06', 'Absent', NULL),
(48, 19, 5, '2026-01-06', 'Present', NULL),
(49, 20, 5, '2026-01-06', 'Present', NULL),
(50, 21, 5, '2026-01-06', 'Present', NULL),
(51, 2, 1, '2026-01-07', 'Present', NULL),
(52, 3, 1, '2026-01-07', 'Present', NULL),
(53, 4, 1, '2026-01-07', 'Present', NULL),
(54, 5, 1, '2026-01-07', 'Present', NULL),
(55, 6, 1, '2026-01-07', 'Present', NULL),
(56, 7, 1, '2026-01-07', 'Present', NULL),
(57, 8, 1, '2026-01-07', 'Present', NULL),
(58, 9, 1, '2026-01-07', 'Present', NULL),
(59, 10, 1, '2026-01-07', 'Present', NULL),
(60, 11, 1, '2026-01-07', 'Present', NULL),
(61, 2, 2, '2026-01-07', 'Present', NULL),
(62, 3, 2, '2026-01-07', 'Present', NULL),
(63, 4, 2, '2026-01-07', 'Present', NULL),
(64, 5, 2, '2026-01-07', 'Present', NULL),
(65, 6, 2, '2026-01-07', 'Present', NULL),
(66, 7, 2, '2026-01-07', 'Present', NULL),
(67, 8, 2, '2026-01-07', 'Present', NULL),
(68, 9, 2, '2026-01-07', 'Present', NULL),
(69, 10, 2, '2026-01-07', 'Present', NULL),
(70, 11, 2, '2026-01-07', 'Present', NULL),
(71, 2, 3, '2026-01-07', 'Present', NULL),
(72, 3, 3, '2026-01-07', 'Present', NULL),
(73, 4, 3, '2026-01-07', 'Present', NULL),
(74, 5, 3, '2026-01-07', 'Present', NULL),
(75, 6, 3, '2026-01-07', 'Present', NULL),
(76, 7, 3, '2026-01-07', 'Present', NULL),
(77, 8, 3, '2026-01-07', 'Present', NULL),
(78, 9, 3, '2026-01-07', 'Present', NULL),
(79, 10, 3, '2026-01-07', 'Present', NULL),
(80, 11, 3, '2026-01-07', 'Present', NULL),
(81, 12, 4, '2026-01-07', 'Present', NULL),
(82, 13, 4, '2026-01-07', 'Absent', NULL),
(83, 14, 4, '2026-01-07', 'Absent', NULL),
(84, 15, 4, '2026-01-07', 'Present', NULL),
(85, 16, 4, '2026-01-07', 'Present', NULL),
(86, 17, 4, '2026-01-07', 'Present', NULL),
(87, 18, 4, '2026-01-07', 'Present', NULL),
(88, 19, 4, '2026-01-07', 'Present', NULL),
(89, 20, 4, '2026-01-07', 'Present', NULL),
(90, 21, 4, '2026-01-07', 'Present', NULL),
(91, 12, 5, '2026-01-07', 'Present', NULL),
(92, 13, 5, '2026-01-07', 'Present', NULL),
(93, 14, 5, '2026-01-07', 'Absent', NULL),
(94, 15, 5, '2026-01-07', 'Present', NULL),
(95, 16, 5, '2026-01-07', 'Present', NULL),
(96, 17, 5, '2026-01-07', 'Present', NULL),
(97, 18, 5, '2026-01-07', 'Present', NULL),
(98, 19, 5, '2026-01-07', 'Present', NULL),
(99, 20, 5, '2026-01-07', 'Present', NULL),
(100, 21, 5, '2026-01-07', 'Absent', NULL),
(101, 2, 1, '2026-01-08', 'Present', NULL),
(102, 3, 1, '2026-01-08', 'Present', NULL),
(103, 4, 1, '2026-01-08', 'Present', NULL),
(104, 5, 1, '2026-01-08', 'Present', NULL),
(105, 6, 1, '2026-01-08', 'Present', NULL),
(106, 7, 1, '2026-01-08', 'Present', NULL),
(107, 8, 1, '2026-01-08', 'Absent', NULL),
(108, 9, 1, '2026-01-08', 'Present', NULL),
(109, 10, 1, '2026-01-08', 'Present', NULL),
(110, 11, 1, '2026-01-08', 'Present', NULL),
(111, 2, 2, '2026-01-08', 'Absent', NULL),
(112, 3, 2, '2026-01-08', 'Present', NULL),
(113, 4, 2, '2026-01-08', 'Present', NULL),
(114, 5, 2, '2026-01-08', 'Absent', NULL),
(115, 6, 2, '2026-01-08', 'Present', NULL),
(116, 7, 2, '2026-01-08', 'Present', NULL),
(117, 8, 2, '2026-01-08', 'Present', NULL),
(118, 9, 2, '2026-01-08', 'Present', NULL),
(119, 10, 2, '2026-01-08', 'Present', NULL),
(120, 11, 2, '2026-01-08', 'Present', NULL),
(121, 2, 3, '2026-01-08', 'Present', NULL),
(122, 3, 3, '2026-01-08', 'Present', NULL),
(123, 4, 3, '2026-01-08', 'Present', NULL),
(124, 5, 3, '2026-01-08', 'Present', NULL),
(125, 6, 3, '2026-01-08', 'Present', NULL),
(126, 7, 3, '2026-01-08', 'Present', NULL),
(127, 8, 3, '2026-01-08', 'Present', NULL),
(128, 9, 3, '2026-01-08', 'Present', NULL),
(129, 10, 3, '2026-01-08', 'Present', NULL),
(130, 11, 3, '2026-01-08', 'Present', NULL),
(131, 12, 4, '2026-01-08', 'Present', NULL),
(132, 13, 4, '2026-01-08', 'Present', NULL),
(133, 14, 4, '2026-01-08', 'Present', NULL),
(134, 15, 4, '2026-01-08', 'Present', NULL),
(135, 16, 4, '2026-01-08', 'Present', NULL),
(136, 17, 4, '2026-01-08', 'Absent', NULL),
(137, 18, 4, '2026-01-08', 'Present', NULL),
(138, 19, 4, '2026-01-08', 'Present', NULL),
(139, 20, 4, '2026-01-08', 'Present', NULL),
(140, 21, 4, '2026-01-08', 'Present', NULL),
(141, 12, 5, '2026-01-08', 'Present', NULL),
(142, 13, 5, '2026-01-08', 'Present', NULL),
(143, 14, 5, '2026-01-08', 'Present', NULL),
(144, 15, 5, '2026-01-08', 'Present', NULL),
(145, 16, 5, '2026-01-08', 'Absent', NULL),
(146, 17, 5, '2026-01-08', 'Present', NULL),
(147, 18, 5, '2026-01-08', 'Present', NULL),
(148, 19, 5, '2026-01-08', 'Absent', NULL),
(149, 20, 5, '2026-01-08', 'Present', NULL),
(150, 21, 5, '2026-01-08', 'Present', NULL),
(151, 2, 1, '2026-01-09', 'Present', NULL),
(152, 3, 1, '2026-01-09', 'Absent', NULL),
(153, 4, 1, '2026-01-09', 'Present', NULL),
(154, 5, 1, '2026-01-09', 'Absent', NULL),
(155, 6, 1, '2026-01-09', 'Present', NULL),
(156, 7, 1, '2026-01-09', 'Present', NULL),
(157, 8, 1, '2026-01-09', 'Present', NULL),
(158, 9, 1, '2026-01-09', 'Present', NULL),
(159, 10, 1, '2026-01-09', 'Present', NULL),
(160, 11, 1, '2026-01-09', 'Present', NULL),
(161, 2, 2, '2026-01-09', 'Present', NULL),
(162, 3, 2, '2026-01-09', 'Present', NULL),
(163, 4, 2, '2026-01-09', 'Present', NULL),
(164, 5, 2, '2026-01-09', 'Present', NULL),
(165, 6, 2, '2026-01-09', 'Present', NULL),
(166, 7, 2, '2026-01-09', 'Present', NULL),
(167, 8, 2, '2026-01-09', 'Present', NULL),
(168, 9, 2, '2026-01-09', 'Present', NULL),
(169, 10, 2, '2026-01-09', 'Present', NULL),
(170, 11, 2, '2026-01-09', 'Present', NULL),
(171, 2, 3, '2026-01-09', 'Present', NULL),
(172, 3, 3, '2026-01-09', 'Present', NULL),
(173, 4, 3, '2026-01-09', 'Present', NULL),
(174, 5, 3, '2026-01-09', 'Present', NULL),
(175, 6, 3, '2026-01-09', 'Present', NULL),
(176, 7, 3, '2026-01-09', 'Present', NULL),
(177, 8, 3, '2026-01-09', 'Present', NULL),
(178, 9, 3, '2026-01-09', 'Present', NULL),
(179, 10, 3, '2026-01-09', 'Present', NULL),
(180, 11, 3, '2026-01-09', 'Present', NULL),
(181, 12, 4, '2026-01-09', 'Present', NULL),
(182, 13, 4, '2026-01-09', 'Present', NULL),
(183, 14, 4, '2026-01-09', 'Present', NULL),
(184, 15, 4, '2026-01-09', 'Present', NULL),
(185, 16, 4, '2026-01-09', 'Present', NULL),
(186, 17, 4, '2026-01-09', 'Present', NULL),
(187, 18, 4, '2026-01-09', 'Present', NULL),
(188, 19, 4, '2026-01-09', 'Present', NULL),
(189, 20, 4, '2026-01-09', 'Present', NULL),
(190, 21, 4, '2026-01-09', 'Present', NULL),
(191, 12, 5, '2026-01-09', 'Present', NULL),
(192, 13, 5, '2026-01-09', 'Absent', NULL),
(193, 14, 5, '2026-01-09', 'Present', NULL),
(194, 15, 5, '2026-01-09', 'Present', NULL),
(195, 16, 5, '2026-01-09', 'Present', NULL),
(196, 17, 5, '2026-01-09', 'Present', NULL),
(197, 18, 5, '2026-01-09', 'Present', NULL),
(198, 19, 5, '2026-01-09', 'Present', NULL),
(199, 20, 5, '2026-01-09', 'Present', NULL),
(200, 21, 5, '2026-01-09', 'Present', NULL),
(201, 2, 1, '2026-01-10', 'Absent', NULL),
(202, 3, 1, '2026-01-10', 'Present', NULL),
(203, 4, 1, '2026-01-10', 'Present', NULL),
(204, 5, 1, '2026-01-10', 'Present', NULL),
(205, 6, 1, '2026-01-10', 'Present', NULL),
(206, 7, 1, '2026-01-10', 'Present', NULL),
(207, 8, 1, '2026-01-10', 'Present', NULL),
(208, 9, 1, '2026-01-10', 'Present', NULL),
(209, 10, 1, '2026-01-10', 'Present', NULL),
(210, 11, 1, '2026-01-10', 'Present', NULL),
(211, 2, 2, '2026-01-10', 'Present', NULL),
(212, 3, 2, '2026-01-10', 'Present', NULL),
(213, 4, 2, '2026-01-10', 'Absent', NULL),
(214, 5, 2, '2026-01-10', 'Present', NULL),
(215, 6, 2, '2026-01-10', 'Present', NULL),
(216, 7, 2, '2026-01-10', 'Present', NULL),
(217, 8, 2, '2026-01-10', 'Present', NULL),
(218, 9, 2, '2026-01-10', 'Absent', NULL),
(219, 10, 2, '2026-01-10', 'Present', NULL),
(220, 11, 2, '2026-01-10', 'Absent', NULL),
(221, 2, 3, '2026-01-10', 'Present', NULL),
(222, 3, 3, '2026-01-10', 'Present', NULL),
(223, 4, 3, '2026-01-10', 'Present', NULL),
(224, 5, 3, '2026-01-10', 'Present', NULL),
(225, 6, 3, '2026-01-10', 'Present', NULL),
(226, 7, 3, '2026-01-10', 'Present', NULL),
(227, 8, 3, '2026-01-10', 'Present', NULL),
(228, 9, 3, '2026-01-10', 'Present', NULL),
(229, 10, 3, '2026-01-10', 'Present', NULL),
(230, 11, 3, '2026-01-10', 'Present', NULL),
(231, 12, 4, '2026-01-10', 'Present', NULL),
(232, 13, 4, '2026-01-10', 'Present', NULL),
(233, 14, 4, '2026-01-10', 'Present', NULL),
(234, 15, 4, '2026-01-10', 'Present', NULL),
(235, 16, 4, '2026-01-10', 'Present', NULL),
(236, 17, 4, '2026-01-10', 'Present', NULL),
(237, 18, 4, '2026-01-10', 'Present', NULL),
(238, 19, 4, '2026-01-10', 'Present', NULL),
(239, 20, 4, '2026-01-10', 'Present', NULL),
(240, 21, 4, '2026-01-10', 'Present', NULL),
(241, 12, 5, '2026-01-10', 'Present', NULL),
(242, 13, 5, '2026-01-10', 'Present', NULL),
(243, 14, 5, '2026-01-10', 'Present', NULL),
(244, 15, 5, '2026-01-10', 'Present', NULL),
(245, 16, 5, '2026-01-10', 'Present', NULL),
(246, 17, 5, '2026-01-10', 'Absent', NULL),
(247, 18, 5, '2026-01-10', 'Present', NULL),
(248, 19, 5, '2026-01-10', 'Present', NULL),
(249, 20, 5, '2026-01-10', 'Present', NULL),
(250, 21, 5, '2026-01-10', 'Present', NULL),
(251, 2, 1, '2026-01-13', 'Absent', NULL),
(252, 3, 1, '2026-01-13', 'Present', NULL),
(253, 4, 1, '2026-01-13', 'Present', NULL),
(254, 5, 1, '2026-01-13', 'Present', NULL),
(255, 6, 1, '2026-01-13', 'Present', NULL),
(256, 7, 1, '2026-01-13', 'Present', NULL),
(257, 8, 1, '2026-01-13', 'Present', NULL),
(258, 9, 1, '2026-01-13', 'Present', NULL),
(259, 10, 1, '2026-01-13', 'Present', NULL),
(260, 11, 1, '2026-01-13', 'Absent', NULL),
(261, 2, 2, '2026-01-13', 'Present', NULL),
(262, 3, 2, '2026-01-13', 'Absent', NULL),
(263, 4, 2, '2026-01-13', 'Present', NULL),
(264, 5, 2, '2026-01-13', 'Present', NULL),
(265, 6, 2, '2026-01-13', 'Absent', NULL),
(266, 7, 2, '2026-01-13', 'Present', NULL),
(267, 8, 2, '2026-01-13', 'Present', NULL),
(268, 9, 2, '2026-01-13', 'Present', NULL),
(269, 10, 2, '2026-01-13', 'Present', NULL),
(270, 11, 2, '2026-01-13', 'Present', NULL),
(271, 2, 3, '2026-01-13', 'Present', NULL),
(272, 3, 3, '2026-01-13', 'Present', NULL),
(273, 4, 3, '2026-01-13', 'Present', NULL),
(274, 5, 3, '2026-01-13', 'Present', NULL),
(275, 6, 3, '2026-01-13', 'Present', NULL),
(276, 7, 3, '2026-01-13', 'Present', NULL),
(277, 8, 3, '2026-01-13', 'Present', NULL),
(278, 9, 3, '2026-01-13', 'Present', NULL),
(279, 10, 3, '2026-01-13', 'Present', NULL),
(280, 11, 3, '2026-01-13', 'Present', NULL),
(281, 12, 4, '2026-01-13', 'Present', NULL),
(282, 13, 4, '2026-01-13', 'Absent', NULL),
(283, 14, 4, '2026-01-13', 'Absent', NULL),
(284, 15, 4, '2026-01-13', 'Present', NULL),
(285, 16, 4, '2026-01-13', 'Present', NULL),
(286, 17, 4, '2026-01-13', 'Present', NULL),
(287, 18, 4, '2026-01-13', 'Present', NULL),
(288, 19, 4, '2026-01-13', 'Present', NULL),
(289, 20, 4, '2026-01-13', 'Present', NULL),
(290, 21, 4, '2026-01-13', 'Present', NULL),
(291, 12, 5, '2026-01-13', 'Present', NULL),
(292, 13, 5, '2026-01-13', 'Present', NULL),
(293, 14, 5, '2026-01-13', 'Present', NULL),
(294, 15, 5, '2026-01-13', 'Present', NULL),
(295, 16, 5, '2026-01-13', 'Present', NULL),
(296, 17, 5, '2026-01-13', 'Present', NULL),
(297, 18, 5, '2026-01-13', 'Absent', NULL),
(298, 19, 5, '2026-01-13', 'Present', NULL),
(299, 20, 5, '2026-01-13', 'Present', NULL),
(300, 21, 5, '2026-01-13', 'Absent', NULL),
(301, 2, 1, '2026-01-14', 'Present', NULL),
(302, 3, 1, '2026-01-14', 'Present', NULL),
(303, 4, 1, '2026-01-14', 'Present', NULL),
(304, 5, 1, '2026-01-14', 'Present', NULL),
(305, 6, 1, '2026-01-14', 'Present', NULL),
(306, 7, 1, '2026-01-14', 'Absent', NULL),
(307, 8, 1, '2026-01-14', 'Present', NULL),
(308, 9, 1, '2026-01-14', 'Present', NULL),
(309, 10, 1, '2026-01-14', 'Present', NULL),
(310, 11, 1, '2026-01-14', 'Absent', NULL),
(311, 2, 2, '2026-01-14', 'Present', NULL),
(312, 3, 2, '2026-01-14', 'Present', NULL),
(313, 4, 2, '2026-01-14', 'Present', NULL),
(314, 5, 2, '2026-01-14', 'Present', NULL),
(315, 6, 2, '2026-01-14', 'Present', NULL),
(316, 7, 2, '2026-01-14', 'Present', NULL),
(317, 8, 2, '2026-01-14', 'Present', NULL),
(318, 9, 2, '2026-01-14', 'Absent', NULL),
(319, 10, 2, '2026-01-14', 'Present', NULL),
(320, 11, 2, '2026-01-14', 'Present', NULL),
(321, 2, 3, '2026-01-14', 'Present', NULL),
(322, 3, 3, '2026-01-14', 'Present', NULL),
(323, 4, 3, '2026-01-14', 'Present', NULL),
(324, 5, 3, '2026-01-14', 'Absent', NULL),
(325, 6, 3, '2026-01-14', 'Present', NULL),
(326, 7, 3, '2026-01-14', 'Present', NULL),
(327, 8, 3, '2026-01-14', 'Present', NULL),
(328, 9, 3, '2026-01-14', 'Present', NULL),
(329, 10, 3, '2026-01-14', 'Present', NULL),
(330, 11, 3, '2026-01-14', 'Present', NULL),
(331, 12, 4, '2026-01-14', 'Present', NULL),
(332, 13, 4, '2026-01-14', 'Present', NULL),
(333, 14, 4, '2026-01-14', 'Present', NULL),
(334, 15, 4, '2026-01-14', 'Present', NULL),
(335, 16, 4, '2026-01-14', 'Present', NULL),
(336, 17, 4, '2026-01-14', 'Present', NULL),
(337, 18, 4, '2026-01-14', 'Absent', NULL),
(338, 19, 4, '2026-01-14', 'Present', NULL),
(339, 20, 4, '2026-01-14', 'Present', NULL),
(340, 21, 4, '2026-01-14', 'Absent', NULL),
(341, 12, 5, '2026-01-14', 'Present', NULL),
(342, 13, 5, '2026-01-14', 'Absent', NULL),
(343, 14, 5, '2026-01-14', 'Present', NULL),
(344, 15, 5, '2026-01-14', 'Present', NULL),
(345, 16, 5, '2026-01-14', 'Present', NULL),
(346, 17, 5, '2026-01-14', 'Present', NULL),
(347, 18, 5, '2026-01-14', 'Absent', NULL),
(348, 19, 5, '2026-01-14', 'Present', NULL),
(349, 20, 5, '2026-01-14', 'Present', NULL),
(350, 21, 5, '2026-01-14', 'Present', NULL),
(351, 2, 1, '2026-01-15', 'Present', NULL),
(352, 3, 1, '2026-01-15', 'Present', NULL),
(353, 4, 1, '2026-01-15', 'Present', NULL),
(354, 5, 1, '2026-01-15', 'Present', NULL),
(355, 6, 1, '2026-01-15', 'Present', NULL),
(356, 7, 1, '2026-01-15', 'Absent', NULL),
(357, 8, 1, '2026-01-15', 'Present', NULL),
(358, 9, 1, '2026-01-15', 'Absent', NULL),
(359, 10, 1, '2026-01-15', 'Present', NULL),
(360, 11, 1, '2026-01-15', 'Absent', NULL),
(361, 2, 2, '2026-01-15', 'Present', NULL),
(362, 3, 2, '2026-01-15', 'Present', NULL),
(363, 4, 2, '2026-01-15', 'Present', NULL),
(364, 5, 2, '2026-01-15', 'Present', NULL),
(365, 6, 2, '2026-01-15', 'Present', NULL),
(366, 7, 2, '2026-01-15', 'Present', NULL),
(367, 8, 2, '2026-01-15', 'Absent', NULL),
(368, 9, 2, '2026-01-15', 'Present', NULL),
(369, 10, 2, '2026-01-15', 'Present', NULL),
(370, 11, 2, '2026-01-15', 'Present', NULL),
(371, 2, 3, '2026-01-15', 'Absent', NULL),
(372, 3, 3, '2026-01-15', 'Present', NULL),
(373, 4, 3, '2026-01-15', 'Present', NULL),
(374, 5, 3, '2026-01-15', 'Present', NULL),
(375, 6, 3, '2026-01-15', 'Present', NULL),
(376, 7, 3, '2026-01-15', 'Absent', NULL),
(377, 8, 3, '2026-01-15', 'Present', NULL),
(378, 9, 3, '2026-01-15', 'Present', NULL),
(379, 10, 3, '2026-01-15', 'Present', NULL),
(380, 11, 3, '2026-01-15', 'Present', NULL),
(381, 12, 4, '2026-01-15', 'Present', NULL),
(382, 13, 4, '2026-01-15', 'Present', NULL),
(383, 14, 4, '2026-01-15', 'Present', NULL),
(384, 15, 4, '2026-01-15', 'Present', NULL),
(385, 16, 4, '2026-01-15', 'Absent', NULL),
(386, 17, 4, '2026-01-15', 'Present', NULL),
(387, 18, 4, '2026-01-15', 'Present', NULL),
(388, 19, 4, '2026-01-15', 'Present', NULL),
(389, 20, 4, '2026-01-15', 'Present', NULL),
(390, 21, 4, '2026-01-15', 'Present', NULL),
(391, 12, 5, '2026-01-15', 'Present', NULL),
(392, 13, 5, '2026-01-15', 'Present', NULL),
(393, 14, 5, '2026-01-15', 'Absent', NULL),
(394, 15, 5, '2026-01-15', 'Present', NULL),
(395, 16, 5, '2026-01-15', 'Present', NULL),
(396, 17, 5, '2026-01-15', 'Present', NULL),
(397, 18, 5, '2026-01-15', 'Present', NULL),
(398, 19, 5, '2026-01-15', 'Present', NULL),
(399, 20, 5, '2026-01-15', 'Present', NULL),
(400, 21, 5, '2026-01-15', 'Absent', NULL),
(401, 2, 1, '2026-01-16', 'Present', NULL),
(402, 3, 1, '2026-01-16', 'Absent', NULL),
(403, 4, 1, '2026-01-16', 'Present', NULL),
(404, 5, 1, '2026-01-16', 'Absent', NULL),
(405, 6, 1, '2026-01-16', 'Present', NULL),
(406, 7, 1, '2026-01-16', 'Present', NULL),
(407, 8, 1, '2026-01-16', 'Present', NULL),
(408, 9, 1, '2026-01-16', 'Present', NULL),
(409, 10, 1, '2026-01-16', 'Present', NULL),
(410, 11, 1, '2026-01-16', 'Present', NULL),
(411, 2, 2, '2026-01-16', 'Absent', NULL),
(412, 3, 2, '2026-01-16', 'Present', NULL),
(413, 4, 2, '2026-01-16', 'Present', NULL),
(414, 5, 2, '2026-01-16', 'Present', NULL),
(415, 6, 2, '2026-01-16', 'Present', NULL),
(416, 7, 2, '2026-01-16', 'Present', NULL),
(417, 8, 2, '2026-01-16', 'Absent', NULL),
(418, 9, 2, '2026-01-16', 'Present', NULL),
(419, 10, 2, '2026-01-16', 'Present', NULL),
(420, 11, 2, '2026-01-16', 'Absent', NULL),
(421, 2, 3, '2026-01-16', 'Absent', NULL),
(422, 3, 3, '2026-01-16', 'Present', NULL),
(423, 4, 3, '2026-01-16', 'Present', NULL),
(424, 5, 3, '2026-01-16', 'Present', NULL),
(425, 6, 3, '2026-01-16', 'Absent', NULL),
(426, 7, 3, '2026-01-16', 'Present', NULL),
(427, 8, 3, '2026-01-16', 'Present', NULL),
(428, 9, 3, '2026-01-16', 'Present', NULL),
(429, 10, 3, '2026-01-16', 'Present', NULL),
(430, 11, 3, '2026-01-16', 'Present', NULL),
(431, 12, 4, '2026-01-16', 'Present', NULL),
(432, 13, 4, '2026-01-16', 'Present', NULL),
(433, 14, 4, '2026-01-16', 'Absent', NULL),
(434, 15, 4, '2026-01-16', 'Present', NULL),
(435, 16, 4, '2026-01-16', 'Present', NULL),
(436, 17, 4, '2026-01-16', 'Present', NULL),
(437, 18, 4, '2026-01-16', 'Absent', NULL),
(438, 19, 4, '2026-01-16', 'Absent', NULL),
(439, 20, 4, '2026-01-16', 'Present', NULL),
(440, 21, 4, '2026-01-16', 'Absent', NULL),
(441, 12, 5, '2026-01-16', 'Present', NULL),
(442, 13, 5, '2026-01-16', 'Present', NULL),
(443, 14, 5, '2026-01-16', 'Present', NULL),
(444, 15, 5, '2026-01-16', 'Present', NULL),
(445, 16, 5, '2026-01-16', 'Present', NULL),
(446, 17, 5, '2026-01-16', 'Present', NULL),
(447, 18, 5, '2026-01-16', 'Present', NULL),
(448, 19, 5, '2026-01-16', 'Absent', NULL),
(449, 20, 5, '2026-01-16', 'Present', NULL),
(450, 21, 5, '2026-01-16', 'Present', NULL),
(451, 2, 1, '2026-01-17', 'Present', NULL),
(452, 3, 1, '2026-01-17', 'Present', NULL),
(453, 4, 1, '2026-01-17', 'Absent', NULL),
(454, 5, 1, '2026-01-17', 'Present', NULL),
(455, 6, 1, '2026-01-17', 'Present', NULL),
(456, 7, 1, '2026-01-17', 'Present', NULL),
(457, 8, 1, '2026-01-17', 'Present', NULL),
(458, 9, 1, '2026-01-17', 'Present', NULL),
(459, 10, 1, '2026-01-17', 'Present', NULL),
(460, 11, 1, '2026-01-17', 'Present', NULL),
(461, 2, 2, '2026-01-17', 'Present', NULL),
(462, 3, 2, '2026-01-17', 'Absent', NULL),
(463, 4, 2, '2026-01-17', 'Present', NULL),
(464, 5, 2, '2026-01-17', 'Present', NULL),
(465, 6, 2, '2026-01-17', 'Present', NULL),
(466, 7, 2, '2026-01-17', 'Absent', NULL),
(467, 8, 2, '2026-01-17', 'Present', NULL),
(468, 9, 2, '2026-01-17', 'Present', NULL),
(469, 10, 2, '2026-01-17', 'Present', NULL),
(470, 11, 2, '2026-01-17', 'Present', NULL),
(471, 2, 3, '2026-01-17', 'Present', NULL),
(472, 3, 3, '2026-01-17', 'Present', NULL),
(473, 4, 3, '2026-01-17', 'Present', NULL),
(474, 5, 3, '2026-01-17', 'Absent', NULL),
(475, 6, 3, '2026-01-17', 'Present', NULL),
(476, 7, 3, '2026-01-17', 'Present', NULL),
(477, 8, 3, '2026-01-17', 'Present', NULL),
(478, 9, 3, '2026-01-17', 'Present', NULL),
(479, 10, 3, '2026-01-17', 'Present', NULL),
(480, 11, 3, '2026-01-17', 'Present', NULL),
(481, 12, 4, '2026-01-17', 'Present', NULL),
(482, 13, 4, '2026-01-17', 'Present', NULL),
(483, 14, 4, '2026-01-17', 'Present', NULL),
(484, 15, 4, '2026-01-17', 'Present', NULL),
(485, 16, 4, '2026-01-17', 'Absent', NULL),
(486, 17, 4, '2026-01-17', 'Present', NULL),
(487, 18, 4, '2026-01-17', 'Absent', NULL),
(488, 19, 4, '2026-01-17', 'Present', NULL),
(489, 20, 4, '2026-01-17', 'Present', NULL),
(490, 21, 4, '2026-01-17', 'Present', NULL),
(491, 12, 5, '2026-01-17', 'Present', NULL),
(492, 13, 5, '2026-01-17', 'Absent', NULL),
(493, 14, 5, '2026-01-17', 'Absent', NULL),
(494, 15, 5, '2026-01-17', 'Absent', NULL),
(495, 16, 5, '2026-01-17', 'Present', NULL),
(496, 17, 5, '2026-01-17', 'Absent', NULL),
(497, 18, 5, '2026-01-17', 'Present', NULL),
(498, 19, 5, '2026-01-17', 'Absent', NULL),
(499, 20, 5, '2026-01-17', 'Present', NULL),
(500, 21, 5, '2026-01-17', 'Present', NULL),
(501, 2, 1, '2026-01-20', 'Present', NULL),
(502, 3, 1, '2026-01-20', 'Absent', NULL),
(503, 4, 1, '2026-01-20', 'Present', NULL),
(504, 5, 1, '2026-01-20', 'Present', NULL),
(505, 6, 1, '2026-01-20', 'Present', NULL),
(506, 7, 1, '2026-01-20', 'Present', NULL),
(507, 8, 1, '2026-01-20', 'Present', NULL),
(508, 9, 1, '2026-01-20', 'Absent', NULL),
(509, 10, 1, '2026-01-20', 'Present', NULL),
(510, 11, 1, '2026-01-20', 'Present', NULL),
(511, 2, 2, '2026-01-20', 'Present', NULL),
(512, 3, 2, '2026-01-20', 'Present', NULL),
(513, 4, 2, '2026-01-20', 'Absent', NULL),
(514, 5, 2, '2026-01-20', 'Present', NULL),
(515, 6, 2, '2026-01-20', 'Present', NULL),
(516, 7, 2, '2026-01-20', 'Present', NULL),
(517, 8, 2, '2026-01-20', 'Absent', NULL),
(518, 9, 2, '2026-01-20', 'Present', NULL),
(519, 10, 2, '2026-01-20', 'Present', NULL),
(520, 11, 2, '2026-01-20', 'Present', NULL),
(521, 2, 3, '2026-01-20', 'Present', NULL),
(522, 3, 3, '2026-01-20', 'Present', NULL),
(523, 4, 3, '2026-01-20', 'Present', NULL),
(524, 5, 3, '2026-01-20', 'Present', NULL),
(525, 6, 3, '2026-01-20', 'Present', NULL),
(526, 7, 3, '2026-01-20', 'Absent', NULL),
(527, 8, 3, '2026-01-20', 'Present', NULL),
(528, 9, 3, '2026-01-20', 'Present', NULL),
(529, 10, 3, '2026-01-20', 'Present', NULL),
(530, 11, 3, '2026-01-20', 'Present', NULL),
(531, 12, 4, '2026-01-20', 'Present', NULL),
(532, 13, 4, '2026-01-20', 'Present', NULL),
(533, 14, 4, '2026-01-20', 'Absent', NULL),
(534, 15, 4, '2026-01-20', 'Present', NULL),
(535, 16, 4, '2026-01-20', 'Present', NULL),
(536, 17, 4, '2026-01-20', 'Present', NULL),
(537, 18, 4, '2026-01-20', 'Absent', NULL),
(538, 19, 4, '2026-01-20', 'Present', NULL),
(539, 20, 4, '2026-01-20', 'Present', NULL),
(540, 21, 4, '2026-01-20', 'Present', NULL),
(541, 12, 5, '2026-01-20', 'Present', NULL),
(542, 13, 5, '2026-01-20', 'Present', NULL),
(543, 14, 5, '2026-01-20', 'Present', NULL),
(544, 15, 5, '2026-01-20', 'Absent', NULL),
(545, 16, 5, '2026-01-20', 'Present', NULL),
(546, 17, 5, '2026-01-20', 'Present', NULL),
(547, 18, 5, '2026-01-20', 'Present', NULL),
(548, 19, 5, '2026-01-20', 'Present', NULL),
(549, 20, 5, '2026-01-20', 'Present', NULL),
(550, 21, 5, '2026-01-20', 'Present', NULL),
(551, 2, 1, '2026-01-21', 'Present', NULL),
(552, 3, 1, '2026-01-21', 'Present', NULL),
(553, 4, 1, '2026-01-21', 'Present', NULL),
(554, 5, 1, '2026-01-21', 'Absent', NULL),
(555, 6, 1, '2026-01-21', 'Present', NULL),
(556, 7, 1, '2026-01-21', 'Absent', NULL),
(557, 8, 1, '2026-01-21', 'Present', NULL),
(558, 9, 1, '2026-01-21', 'Absent', NULL),
(559, 10, 1, '2026-01-21', 'Present', NULL),
(560, 11, 1, '2026-01-21', 'Present', NULL),
(561, 2, 2, '2026-01-21', 'Absent', NULL),
(562, 3, 2, '2026-01-21', 'Absent', NULL),
(563, 4, 2, '2026-01-21', 'Present', NULL),
(564, 5, 2, '2026-01-21', 'Present', NULL),
(565, 6, 2, '2026-01-21', 'Present', NULL),
(566, 7, 2, '2026-01-21', 'Absent', NULL),
(567, 8, 2, '2026-01-21', 'Present', NULL),
(568, 9, 2, '2026-01-21', 'Present', NULL),
(569, 10, 2, '2026-01-21', 'Present', NULL),
(570, 11, 2, '2026-01-21', 'Present', NULL),
(571, 2, 3, '2026-01-21', 'Present', NULL),
(572, 3, 3, '2026-01-21', 'Present', NULL),
(573, 4, 3, '2026-01-21', 'Present', NULL),
(574, 5, 3, '2026-01-21', 'Absent', NULL),
(575, 6, 3, '2026-01-21', 'Absent', NULL),
(576, 7, 3, '2026-01-21', 'Present', NULL),
(577, 8, 3, '2026-01-21', 'Present', NULL),
(578, 9, 3, '2026-01-21', 'Absent', NULL),
(579, 10, 3, '2026-01-21', 'Present', NULL),
(580, 11, 3, '2026-01-21', 'Absent', NULL),
(581, 12, 4, '2026-01-21', 'Present', NULL),
(582, 13, 4, '2026-01-21', 'Present', NULL),
(583, 14, 4, '2026-01-21', 'Present', NULL),
(584, 15, 4, '2026-01-21', 'Present', NULL),
(585, 16, 4, '2026-01-21', 'Present', NULL),
(586, 17, 4, '2026-01-21', 'Absent', NULL),
(587, 18, 4, '2026-01-21', 'Present', NULL),
(588, 19, 4, '2026-01-21', 'Present', NULL),
(589, 20, 4, '2026-01-21', 'Present', NULL),
(590, 21, 4, '2026-01-21', 'Present', NULL),
(591, 12, 5, '2026-01-21', 'Present', NULL),
(592, 13, 5, '2026-01-21', 'Present', NULL),
(593, 14, 5, '2026-01-21', 'Present', NULL),
(594, 15, 5, '2026-01-21', 'Present', NULL),
(595, 16, 5, '2026-01-21', 'Present', NULL),
(596, 17, 5, '2026-01-21', 'Present', NULL),
(597, 18, 5, '2026-01-21', 'Present', NULL),
(598, 19, 5, '2026-01-21', 'Present', NULL),
(599, 20, 5, '2026-01-21', 'Present', NULL),
(600, 21, 5, '2026-01-21', 'Present', NULL),
(601, 2, 1, '2026-01-22', 'Present', NULL),
(602, 3, 1, '2026-01-22', 'Absent', NULL),
(603, 4, 1, '2026-01-22', 'Present', NULL),
(604, 5, 1, '2026-01-22', 'Present', NULL),
(605, 6, 1, '2026-01-22', 'Present', NULL),
(606, 7, 1, '2026-01-22', 'Present', NULL),
(607, 8, 1, '2026-01-22', 'Present', NULL),
(608, 9, 1, '2026-01-22', 'Present', NULL),
(609, 10, 1, '2026-01-22', 'Present', NULL),
(610, 11, 1, '2026-01-22', 'Present', NULL),
(611, 2, 2, '2026-01-22', 'Present', NULL),
(612, 3, 2, '2026-01-22', 'Present', NULL),
(613, 4, 2, '2026-01-22', 'Present', NULL),
(614, 5, 2, '2026-01-22', 'Present', NULL),
(615, 6, 2, '2026-01-22', 'Absent', NULL),
(616, 7, 2, '2026-01-22', 'Present', NULL),
(617, 8, 2, '2026-01-22', 'Absent', NULL),
(618, 9, 2, '2026-01-22', 'Present', NULL),
(619, 10, 2, '2026-01-22', 'Present', NULL),
(620, 11, 2, '2026-01-22', 'Present', NULL),
(621, 2, 3, '2026-01-22', 'Present', NULL),
(622, 3, 3, '2026-01-22', 'Present', NULL),
(623, 4, 3, '2026-01-22', 'Present', NULL),
(624, 5, 3, '2026-01-22', 'Present', NULL),
(625, 6, 3, '2026-01-22', 'Present', NULL),
(626, 7, 3, '2026-01-22', 'Present', NULL),
(627, 8, 3, '2026-01-22', 'Present', NULL),
(628, 9, 3, '2026-01-22', 'Present', NULL),
(629, 10, 3, '2026-01-22', 'Present', NULL),
(630, 11, 3, '2026-01-22', 'Absent', NULL),
(631, 12, 4, '2026-01-22', 'Present', NULL),
(632, 13, 4, '2026-01-22', 'Present', NULL),
(633, 14, 4, '2026-01-22', 'Present', NULL),
(634, 15, 4, '2026-01-22', 'Present', NULL),
(635, 16, 4, '2026-01-22', 'Absent', NULL),
(636, 17, 4, '2026-01-22', 'Present', NULL),
(637, 18, 4, '2026-01-22', 'Absent', NULL),
(638, 19, 4, '2026-01-22', 'Present', NULL),
(639, 20, 4, '2026-01-22', 'Present', NULL),
(640, 21, 4, '2026-01-22', 'Present', NULL),
(641, 12, 5, '2026-01-22', 'Present', NULL),
(642, 13, 5, '2026-01-22', 'Absent', NULL),
(643, 14, 5, '2026-01-22', 'Present', NULL),
(644, 15, 5, '2026-01-22', 'Present', NULL),
(645, 16, 5, '2026-01-22', 'Present', NULL),
(646, 17, 5, '2026-01-22', 'Present', NULL),
(647, 18, 5, '2026-01-22', 'Present', NULL),
(648, 19, 5, '2026-01-22', 'Present', NULL),
(649, 20, 5, '2026-01-22', 'Present', NULL),
(650, 21, 5, '2026-01-22', 'Present', NULL),
(651, 2, 1, '2026-01-23', 'Present', NULL),
(652, 3, 1, '2026-01-23', 'Present', NULL),
(653, 4, 1, '2026-01-23', 'Present', NULL),
(654, 5, 1, '2026-01-23', 'Present', NULL),
(655, 6, 1, '2026-01-23', 'Absent', NULL),
(656, 7, 1, '2026-01-23', 'Present', NULL),
(657, 8, 1, '2026-01-23', 'Present', NULL),
(658, 9, 1, '2026-01-23', 'Present', NULL),
(659, 10, 1, '2026-01-23', 'Present', NULL),
(660, 11, 1, '2026-01-23', 'Present', NULL),
(661, 2, 2, '2026-01-23', 'Absent', NULL),
(662, 3, 2, '2026-01-23', 'Present', NULL),
(663, 4, 2, '2026-01-23', 'Present', NULL),
(664, 5, 2, '2026-01-23', 'Present', NULL),
(665, 6, 2, '2026-01-23', 'Present', NULL),
(666, 7, 2, '2026-01-23', 'Present', NULL),
(667, 8, 2, '2026-01-23', 'Absent', NULL),
(668, 9, 2, '2026-01-23', 'Present', NULL),
(669, 10, 2, '2026-01-23', 'Present', NULL),
(670, 11, 2, '2026-01-23', 'Absent', NULL),
(671, 2, 3, '2026-01-23', 'Present', NULL),
(672, 3, 3, '2026-01-23', 'Present', NULL),
(673, 4, 3, '2026-01-23', 'Present', NULL),
(674, 5, 3, '2026-01-23', 'Present', NULL),
(675, 6, 3, '2026-01-23', 'Present', NULL),
(676, 7, 3, '2026-01-23', 'Present', NULL),
(677, 8, 3, '2026-01-23', 'Absent', NULL),
(678, 9, 3, '2026-01-23', 'Present', NULL),
(679, 10, 3, '2026-01-23', 'Present', NULL),
(680, 11, 3, '2026-01-23', 'Absent', NULL),
(681, 12, 4, '2026-01-23', 'Present', NULL),
(682, 13, 4, '2026-01-23', 'Present', NULL),
(683, 14, 4, '2026-01-23', 'Present', NULL),
(684, 15, 4, '2026-01-23', 'Present', NULL),
(685, 16, 4, '2026-01-23', 'Present', NULL),
(686, 17, 4, '2026-01-23', 'Present', NULL),
(687, 18, 4, '2026-01-23', 'Present', NULL),
(688, 19, 4, '2026-01-23', 'Present', NULL),
(689, 20, 4, '2026-01-23', 'Present', NULL),
(690, 21, 4, '2026-01-23', 'Present', NULL),
(691, 12, 5, '2026-01-23', 'Present', NULL),
(692, 13, 5, '2026-01-23', 'Present', NULL),
(693, 14, 5, '2026-01-23', 'Present', NULL),
(694, 15, 5, '2026-01-23', 'Present', NULL),
(695, 16, 5, '2026-01-23', 'Present', NULL),
(696, 17, 5, '2026-01-23', 'Present', NULL),
(697, 18, 5, '2026-01-23', 'Present', NULL),
(698, 19, 5, '2026-01-23', 'Present', NULL),
(699, 20, 5, '2026-01-23', 'Present', NULL),
(700, 21, 5, '2026-01-23', 'Present', NULL),
(701, 2, 1, '2026-01-24', 'Present', NULL),
(702, 3, 1, '2026-01-24', 'Present', NULL),
(703, 4, 1, '2026-01-24', 'Present', NULL),
(704, 5, 1, '2026-01-24', 'Present', NULL),
(705, 6, 1, '2026-01-24', 'Absent', NULL),
(706, 7, 1, '2026-01-24', 'Present', NULL),
(707, 8, 1, '2026-01-24', 'Present', NULL),
(708, 9, 1, '2026-01-24', 'Absent', NULL),
(709, 10, 1, '2026-01-24', 'Present', NULL),
(710, 11, 1, '2026-01-24', 'Present', NULL),
(711, 2, 2, '2026-01-24', 'Present', NULL),
(712, 3, 2, '2026-01-24', 'Present', NULL),
(713, 4, 2, '2026-01-24', 'Absent', NULL),
(714, 5, 2, '2026-01-24', 'Present', NULL),
(715, 6, 2, '2026-01-24', 'Present', NULL),
(716, 7, 2, '2026-01-24', 'Present', NULL),
(717, 8, 2, '2026-01-24', 'Present', NULL),
(718, 9, 2, '2026-01-24', 'Present', NULL),
(719, 10, 2, '2026-01-24', 'Present', NULL),
(720, 11, 2, '2026-01-24', 'Present', NULL),
(721, 2, 3, '2026-01-24', 'Present', NULL),
(722, 3, 3, '2026-01-24', 'Present', NULL),
(723, 4, 3, '2026-01-24', 'Present', NULL),
(724, 5, 3, '2026-01-24', 'Absent', NULL),
(725, 6, 3, '2026-01-24', 'Present', NULL),
(726, 7, 3, '2026-01-24', 'Present', NULL),
(727, 8, 3, '2026-01-24', 'Present', NULL),
(728, 9, 3, '2026-01-24', 'Present', NULL),
(729, 10, 3, '2026-01-24', 'Present', NULL),
(730, 11, 3, '2026-01-24', 'Present', NULL),
(731, 12, 4, '2026-01-24', 'Present', NULL),
(732, 13, 4, '2026-01-24', 'Present', NULL),
(733, 14, 4, '2026-01-24', 'Present', NULL),
(734, 15, 4, '2026-01-24', 'Present', NULL),
(735, 16, 4, '2026-01-24', 'Absent', NULL),
(736, 17, 4, '2026-01-24', 'Present', NULL),
(737, 18, 4, '2026-01-24', 'Absent', NULL),
(738, 19, 4, '2026-01-24', 'Present', NULL),
(739, 20, 4, '2026-01-24', 'Present', NULL),
(740, 21, 4, '2026-01-24', 'Present', NULL),
(741, 12, 5, '2026-01-24', 'Absent', NULL),
(742, 13, 5, '2026-01-24', 'Present', NULL),
(743, 14, 5, '2026-01-24', 'Present', NULL),
(744, 15, 5, '2026-01-24', 'Present', NULL),
(745, 16, 5, '2026-01-24', 'Present', NULL),
(746, 17, 5, '2026-01-24', 'Present', NULL),
(747, 18, 5, '2026-01-24', 'Present', NULL),
(748, 19, 5, '2026-01-24', 'Present', NULL),
(749, 20, 5, '2026-01-24', 'Present', NULL),
(750, 21, 5, '2026-01-24', 'Present', NULL),
(751, 2, 1, '2026-01-27', 'Absent', NULL),
(752, 3, 1, '2026-01-27', 'Present', NULL),
(753, 4, 1, '2026-01-27', 'Present', NULL),
(754, 5, 1, '2026-01-27', 'Present', NULL),
(755, 6, 1, '2026-01-27', 'Absent', NULL),
(756, 7, 1, '2026-01-27', 'Present', NULL),
(757, 8, 1, '2026-01-27', 'Absent', NULL),
(758, 9, 1, '2026-01-27', 'Present', NULL),
(759, 10, 1, '2026-01-27', 'Present', NULL),
(760, 11, 1, '2026-01-27', 'Absent', NULL),
(761, 2, 2, '2026-01-27', 'Present', NULL),
(762, 3, 2, '2026-01-27', 'Present', NULL),
(763, 4, 2, '2026-01-27', 'Absent', NULL),
(764, 5, 2, '2026-01-27', 'Absent', NULL),
(765, 6, 2, '2026-01-27', 'Present', NULL),
(766, 7, 2, '2026-01-27', 'Present', NULL),
(767, 8, 2, '2026-01-27', 'Present', NULL),
(768, 9, 2, '2026-01-27', 'Absent', NULL),
(769, 10, 2, '2026-01-27', 'Present', NULL),
(770, 11, 2, '2026-01-27', 'Present', NULL),
(771, 2, 3, '2026-01-27', 'Present', NULL),
(772, 3, 3, '2026-01-27', 'Absent', NULL),
(773, 4, 3, '2026-01-27', 'Present', NULL),
(774, 5, 3, '2026-01-27', 'Present', NULL),
(775, 6, 3, '2026-01-27', 'Present', NULL),
(776, 7, 3, '2026-01-27', 'Absent', NULL),
(777, 8, 3, '2026-01-27', 'Present', NULL),
(778, 9, 3, '2026-01-27', 'Present', NULL),
(779, 10, 3, '2026-01-27', 'Present', NULL),
(780, 11, 3, '2026-01-27', 'Present', NULL),
(781, 12, 4, '2026-01-27', 'Present', NULL),
(782, 13, 4, '2026-01-27', 'Absent', NULL),
(783, 14, 4, '2026-01-27', 'Present', NULL),
(784, 15, 4, '2026-01-27', 'Present', NULL),
(785, 16, 4, '2026-01-27', 'Present', NULL),
(786, 17, 4, '2026-01-27', 'Present', NULL),
(787, 18, 4, '2026-01-27', 'Present', NULL),
(788, 19, 4, '2026-01-27', 'Present', NULL),
(789, 20, 4, '2026-01-27', 'Present', NULL),
(790, 21, 4, '2026-01-27', 'Present', NULL),
(791, 12, 5, '2026-01-27', 'Present', NULL),
(792, 13, 5, '2026-01-27', 'Present', NULL),
(793, 14, 5, '2026-01-27', 'Absent', NULL),
(794, 15, 5, '2026-01-27', 'Present', NULL),
(795, 16, 5, '2026-01-27', 'Present', NULL),
(796, 17, 5, '2026-01-27', 'Absent', NULL),
(797, 18, 5, '2026-01-27', 'Absent', NULL),
(798, 19, 5, '2026-01-27', 'Present', NULL),
(799, 20, 5, '2026-01-27', 'Present', NULL),
(800, 21, 5, '2026-01-27', 'Present', NULL),
(801, 2, 1, '2026-01-28', 'Present', NULL),
(802, 3, 1, '2026-01-28', 'Present', NULL),
(803, 4, 1, '2026-01-28', 'Present', NULL),
(804, 5, 1, '2026-01-28', 'Present', NULL),
(805, 6, 1, '2026-01-28', 'Absent', NULL),
(806, 7, 1, '2026-01-28', 'Present', NULL),
(807, 8, 1, '2026-01-28', 'Absent', NULL),
(808, 9, 1, '2026-01-28', 'Present', NULL),
(809, 10, 1, '2026-01-28', 'Present', NULL),
(810, 11, 1, '2026-01-28', 'Present', NULL),
(811, 2, 2, '2026-01-28', 'Present', NULL),
(812, 3, 2, '2026-01-28', 'Present', NULL),
(813, 4, 2, '2026-01-28', 'Present', NULL),
(814, 5, 2, '2026-01-28', 'Present', NULL),
(815, 6, 2, '2026-01-28', 'Present', NULL),
(816, 7, 2, '2026-01-28', 'Present', NULL),
(817, 8, 2, '2026-01-28', 'Present', NULL),
(818, 9, 2, '2026-01-28', 'Present', NULL),
(819, 10, 2, '2026-01-28', 'Present', NULL),
(820, 11, 2, '2026-01-28', 'Present', NULL),
(821, 2, 3, '2026-01-28', 'Present', NULL),
(822, 3, 3, '2026-01-28', 'Present', NULL),
(823, 4, 3, '2026-01-28', 'Present', NULL),
(824, 5, 3, '2026-01-28', 'Present', NULL),
(825, 6, 3, '2026-01-28', 'Absent', NULL),
(826, 7, 3, '2026-01-28', 'Present', NULL),
(827, 8, 3, '2026-01-28', 'Present', NULL),
(828, 9, 3, '2026-01-28', 'Present', NULL),
(829, 10, 3, '2026-01-28', 'Present', NULL),
(830, 11, 3, '2026-01-28', 'Present', NULL),
(831, 12, 4, '2026-01-28', 'Present', NULL),
(832, 13, 4, '2026-01-28', 'Present', NULL),
(833, 14, 4, '2026-01-28', 'Present', NULL),
(834, 15, 4, '2026-01-28', 'Absent', NULL),
(835, 16, 4, '2026-01-28', 'Present', NULL),
(836, 17, 4, '2026-01-28', 'Present', NULL),
(837, 18, 4, '2026-01-28', 'Present', NULL),
(838, 19, 4, '2026-01-28', 'Present', NULL),
(839, 20, 4, '2026-01-28', 'Present', NULL),
(840, 21, 4, '2026-01-28', 'Present', NULL),
(841, 12, 5, '2026-01-28', 'Present', NULL),
(842, 13, 5, '2026-01-28', 'Present', NULL),
(843, 14, 5, '2026-01-28', 'Present', NULL),
(844, 15, 5, '2026-01-28', 'Present', NULL),
(845, 16, 5, '2026-01-28', 'Present', NULL),
(846, 17, 5, '2026-01-28', 'Absent', NULL),
(847, 18, 5, '2026-01-28', 'Present', NULL),
(848, 19, 5, '2026-01-28', 'Present', NULL),
(849, 20, 5, '2026-01-28', 'Present', NULL),
(850, 21, 5, '2026-01-28', 'Present', NULL),
(851, 2, 1, '2026-01-29', 'Present', NULL),
(852, 3, 1, '2026-01-29', 'Absent', NULL),
(853, 4, 1, '2026-01-29', 'Absent', NULL),
(854, 5, 1, '2026-01-29', 'Absent', NULL),
(855, 6, 1, '2026-01-29', 'Present', NULL),
(856, 7, 1, '2026-01-29', 'Present', NULL),
(857, 8, 1, '2026-01-29', 'Present', NULL),
(858, 9, 1, '2026-01-29', 'Absent', NULL),
(859, 10, 1, '2026-01-29', 'Present', NULL),
(860, 11, 1, '2026-01-29', 'Present', NULL),
(861, 2, 2, '2026-01-29', 'Absent', NULL),
(862, 3, 2, '2026-01-29', 'Present', NULL),
(863, 4, 2, '2026-01-29', 'Absent', NULL),
(864, 5, 2, '2026-01-29', 'Present', NULL),
(865, 6, 2, '2026-01-29', 'Present', NULL),
(866, 7, 2, '2026-01-29', 'Present', NULL),
(867, 8, 2, '2026-01-29', 'Absent', NULL),
(868, 9, 2, '2026-01-29', 'Present', NULL),
(869, 10, 2, '2026-01-29', 'Present', NULL),
(870, 11, 2, '2026-01-29', 'Present', NULL),
(871, 2, 3, '2026-01-29', 'Present', NULL),
(872, 3, 3, '2026-01-29', 'Present', NULL),
(873, 4, 3, '2026-01-29', 'Present', NULL),
(874, 5, 3, '2026-01-29', 'Present', NULL),
(875, 6, 3, '2026-01-29', 'Absent', NULL),
(876, 7, 3, '2026-01-29', 'Present', NULL),
(877, 8, 3, '2026-01-29', 'Absent', NULL),
(878, 9, 3, '2026-01-29', 'Absent', NULL),
(879, 10, 3, '2026-01-29', 'Present', NULL),
(880, 11, 3, '2026-01-29', 'Present', NULL),
(881, 12, 4, '2026-01-29', 'Absent', NULL),
(882, 13, 4, '2026-01-29', 'Present', NULL),
(883, 14, 4, '2026-01-29', 'Present', NULL),
(884, 15, 4, '2026-01-29', 'Present', NULL),
(885, 16, 4, '2026-01-29', 'Present', NULL),
(886, 17, 4, '2026-01-29', 'Absent', NULL),
(887, 18, 4, '2026-01-29', 'Present', NULL),
(888, 19, 4, '2026-01-29', 'Present', NULL),
(889, 20, 4, '2026-01-29', 'Present', NULL),
(890, 21, 4, '2026-01-29', 'Present', NULL),
(891, 12, 5, '2026-01-29', 'Present', NULL),
(892, 13, 5, '2026-01-29', 'Present', NULL),
(893, 14, 5, '2026-01-29', 'Present', NULL),
(894, 15, 5, '2026-01-29', 'Absent', NULL),
(895, 16, 5, '2026-01-29', 'Present', NULL),
(896, 17, 5, '2026-01-29', 'Absent', NULL),
(897, 18, 5, '2026-01-29', 'Present', NULL),
(898, 19, 5, '2026-01-29', 'Present', NULL),
(899, 20, 5, '2026-01-29', 'Present', NULL),
(900, 21, 5, '2026-01-29', 'Present', NULL),
(901, 2, 1, '2026-01-30', 'Present', NULL),
(902, 3, 1, '2026-01-30', 'Present', NULL),
(903, 4, 1, '2026-01-30', 'Absent', NULL),
(904, 5, 1, '2026-01-30', 'Present', NULL),
(905, 6, 1, '2026-01-30', 'Present', NULL),
(906, 7, 1, '2026-01-30', 'Present', NULL),
(907, 8, 1, '2026-01-30', 'Present', NULL),
(908, 9, 1, '2026-01-30', 'Present', NULL),
(909, 10, 1, '2026-01-30', 'Present', NULL),
(910, 11, 1, '2026-01-30', 'Present', NULL),
(911, 2, 2, '2026-01-30', 'Present', NULL),
(912, 3, 2, '2026-01-30', 'Present', NULL),
(913, 4, 2, '2026-01-30', 'Present', NULL),
(914, 5, 2, '2026-01-30', 'Absent', NULL),
(915, 6, 2, '2026-01-30', 'Present', NULL),
(916, 7, 2, '2026-01-30', 'Absent', NULL),
(917, 8, 2, '2026-01-30', 'Present', NULL),
(918, 9, 2, '2026-01-30', 'Present', NULL),
(919, 10, 2, '2026-01-30', 'Present', NULL),
(920, 11, 2, '2026-01-30', 'Absent', NULL),
(921, 2, 3, '2026-01-30', 'Absent', NULL),
(922, 3, 3, '2026-01-30', 'Present', NULL),
(923, 4, 3, '2026-01-30', 'Present', NULL),
(924, 5, 3, '2026-01-30', 'Present', NULL),
(925, 6, 3, '2026-01-30', 'Present', NULL),
(926, 7, 3, '2026-01-30', 'Present', NULL),
(927, 8, 3, '2026-01-30', 'Absent', NULL),
(928, 9, 3, '2026-01-30', 'Present', NULL),
(929, 10, 3, '2026-01-30', 'Present', NULL),
(930, 11, 3, '2026-01-30', 'Present', NULL),
(931, 12, 4, '2026-01-30', 'Absent', NULL),
(932, 13, 4, '2026-01-30', 'Present', NULL),
(933, 14, 4, '2026-01-30', 'Absent', NULL),
(934, 15, 4, '2026-01-30', 'Present', NULL),
(935, 16, 4, '2026-01-30', 'Present', NULL),
(936, 17, 4, '2026-01-30', 'Present', NULL),
(937, 18, 4, '2026-01-30', 'Present', NULL),
(938, 19, 4, '2026-01-30', 'Absent', NULL),
(939, 20, 4, '2026-01-30', 'Present', NULL),
(940, 21, 4, '2026-01-30', 'Present', NULL),
(941, 12, 5, '2026-01-30', 'Present', NULL),
(942, 13, 5, '2026-01-30', 'Present', NULL),
(943, 14, 5, '2026-01-30', 'Absent', NULL),
(944, 15, 5, '2026-01-30', 'Present', NULL),
(945, 16, 5, '2026-01-30', 'Present', NULL),
(946, 17, 5, '2026-01-30', 'Present', NULL),
(947, 18, 5, '2026-01-30', 'Present', NULL),
(948, 19, 5, '2026-01-30', 'Absent', NULL),
(949, 20, 5, '2026-01-30', 'Present', NULL),
(950, 21, 5, '2026-01-30', 'Present', NULL),
(951, 2, 1, '2026-01-31', 'Present', NULL),
(952, 3, 1, '2026-01-31', 'Present', NULL),
(953, 4, 1, '2026-01-31', 'Present', NULL),
(954, 5, 1, '2026-01-31', 'Present', NULL),
(955, 6, 1, '2026-01-31', 'Present', NULL),
(956, 7, 1, '2026-01-31', 'Present', NULL),
(957, 8, 1, '2026-01-31', 'Present', NULL),
(958, 9, 1, '2026-01-31', 'Present', NULL),
(959, 10, 1, '2026-01-31', 'Present', NULL),
(960, 11, 1, '2026-01-31', 'Present', NULL),
(961, 2, 2, '2026-01-31', 'Present', NULL),
(962, 3, 2, '2026-01-31', 'Present', NULL),
(963, 4, 2, '2026-01-31', 'Present', NULL),
(964, 5, 2, '2026-01-31', 'Absent', NULL),
(965, 6, 2, '2026-01-31', 'Present', NULL),
(966, 7, 2, '2026-01-31', 'Present', NULL),
(967, 8, 2, '2026-01-31', 'Present', NULL),
(968, 9, 2, '2026-01-31', 'Present', NULL),
(969, 10, 2, '2026-01-31', 'Present', NULL),
(970, 11, 2, '2026-01-31', 'Present', NULL),
(971, 2, 3, '2026-01-31', 'Present', NULL),
(972, 3, 3, '2026-01-31', 'Present', NULL),
(973, 4, 3, '2026-01-31', 'Present', NULL),
(974, 5, 3, '2026-01-31', 'Present', NULL),
(975, 6, 3, '2026-01-31', 'Present', NULL),
(976, 7, 3, '2026-01-31', 'Present', NULL),
(977, 8, 3, '2026-01-31', 'Present', NULL),
(978, 9, 3, '2026-01-31', 'Present', NULL),
(979, 10, 3, '2026-01-31', 'Present', NULL),
(980, 11, 3, '2026-01-31', 'Present', NULL),
(981, 12, 4, '2026-01-31', 'Present', NULL),
(982, 13, 4, '2026-01-31', 'Present', NULL),
(983, 14, 4, '2026-01-31', 'Present', NULL),
(984, 15, 4, '2026-01-31', 'Present', NULL),
(985, 16, 4, '2026-01-31', 'Present', NULL),
(986, 17, 4, '2026-01-31', 'Present', NULL),
(987, 18, 4, '2026-01-31', 'Present', NULL),
(988, 19, 4, '2026-01-31', 'Present', NULL),
(989, 20, 4, '2026-01-31', 'Present', NULL),
(990, 21, 4, '2026-01-31', 'Present', NULL),
(991, 12, 5, '2026-01-31', 'Present', NULL),
(992, 13, 5, '2026-01-31', 'Present', NULL),
(993, 14, 5, '2026-01-31', 'Absent', NULL),
(994, 15, 5, '2026-01-31', 'Present', NULL),
(995, 16, 5, '2026-01-31', 'Present', NULL),
(996, 17, 5, '2026-01-31', 'Present', NULL),
(997, 18, 5, '2026-01-31', 'Present', NULL),
(998, 19, 5, '2026-01-31', 'Present', NULL),
(999, 20, 5, '2026-01-31', 'Present', NULL),
(1000, 21, 5, '2026-01-31', 'Present', NULL),
(1001, 22, 11, '2026-01-06', 'Present', NULL),
(1002, 23, 11, '2026-01-06', 'Absent', NULL),
(1003, 24, 11, '2026-01-06', 'Absent', NULL),
(1004, 22, 9, '2026-01-06', 'Present', NULL),
(1005, 23, 9, '2026-01-06', 'Present', NULL),
(1006, 24, 9, '2026-01-06', 'Absent', NULL),
(1007, 22, 10, '2026-01-06', 'Present', NULL),
(1008, 23, 10, '2026-01-06', 'Present', NULL),
(1009, 24, 10, '2026-01-06', 'Absent', NULL),
(1010, 22, 8, '2026-01-06', 'Present', NULL),
(1011, 23, 8, '2026-01-06', 'Present', NULL),
(1012, 24, 8, '2026-01-06', 'Present', NULL),
(1013, 22, 6, '2026-01-06', 'Present', NULL),
(1014, 23, 6, '2026-01-06', 'Present', NULL),
(1015, 24, 6, '2026-01-06', 'Present', NULL),
(1016, 22, 7, '2026-01-06', 'Present', NULL),
(1017, 23, 7, '2026-01-06', 'Present', NULL),
(1018, 24, 7, '2026-01-06', 'Present', NULL),
(1019, 22, 11, '2026-01-07', 'Present', NULL),
(1020, 23, 11, '2026-01-07', 'Present', NULL),
(1021, 24, 11, '2026-01-07', 'Present', NULL),
(1022, 22, 9, '2026-01-07', 'Present', NULL),
(1023, 23, 9, '2026-01-07', 'Absent', NULL),
(1024, 24, 9, '2026-01-07', 'Present', NULL),
(1025, 22, 10, '2026-01-07', 'Present', NULL),
(1026, 23, 10, '2026-01-07', 'Present', NULL),
(1027, 24, 10, '2026-01-07', 'Present', NULL),
(1028, 22, 8, '2026-01-07', 'Present', NULL),
(1029, 23, 8, '2026-01-07', 'Present', NULL),
(1030, 24, 8, '2026-01-07', 'Absent', NULL),
(1031, 22, 6, '2026-01-07', 'Present', NULL),
(1032, 23, 6, '2026-01-07', 'Present', NULL),
(1033, 24, 6, '2026-01-07', 'Present', NULL),
(1034, 22, 7, '2026-01-07', 'Present', NULL),
(1035, 23, 7, '2026-01-07', 'Absent', NULL),
(1036, 24, 7, '2026-01-07', 'Present', NULL),
(1037, 22, 11, '2026-01-08', 'Present', NULL),
(1038, 23, 11, '2026-01-08', 'Present', NULL),
(1039, 24, 11, '2026-01-08', 'Present', NULL),
(1040, 22, 9, '2026-01-08', 'Present', NULL),
(1041, 23, 9, '2026-01-08', 'Absent', NULL),
(1042, 24, 9, '2026-01-08', 'Present', NULL),
(1043, 22, 10, '2026-01-08', 'Present', NULL),
(1044, 23, 10, '2026-01-08', 'Present', NULL),
(1045, 24, 10, '2026-01-08', 'Present', NULL),
(1046, 22, 8, '2026-01-08', 'Present', NULL),
(1047, 23, 8, '2026-01-08', 'Present', NULL),
(1048, 24, 8, '2026-01-08', 'Absent', NULL),
(1049, 22, 6, '2026-01-08', 'Present', NULL),
(1050, 23, 6, '2026-01-08', 'Present', NULL),
(1051, 24, 6, '2026-01-08', 'Absent', NULL),
(1052, 22, 7, '2026-01-08', 'Present', NULL),
(1053, 23, 7, '2026-01-08', 'Present', NULL),
(1054, 24, 7, '2026-01-08', 'Present', NULL),
(1055, 22, 11, '2026-01-09', 'Present', NULL),
(1056, 23, 11, '2026-01-09', 'Present', NULL),
(1057, 24, 11, '2026-01-09', 'Absent', NULL),
(1058, 22, 9, '2026-01-09', 'Present', NULL),
(1059, 23, 9, '2026-01-09', 'Present', NULL),
(1060, 24, 9, '2026-01-09', 'Present', NULL),
(1061, 22, 10, '2026-01-09', 'Present', NULL),
(1062, 23, 10, '2026-01-09', 'Present', NULL),
(1063, 24, 10, '2026-01-09', 'Present', NULL),
(1064, 22, 8, '2026-01-09', 'Present', NULL),
(1065, 23, 8, '2026-01-09', 'Present', NULL),
(1066, 24, 8, '2026-01-09', 'Absent', NULL),
(1067, 22, 6, '2026-01-09', 'Present', NULL),
(1068, 23, 6, '2026-01-09', 'Present', NULL),
(1069, 24, 6, '2026-01-09', 'Present', NULL),
(1070, 22, 7, '2026-01-09', 'Present', NULL),
(1071, 23, 7, '2026-01-09', 'Present', NULL),
(1072, 24, 7, '2026-01-09', 'Present', NULL),
(1073, 22, 11, '2026-01-10', 'Absent', NULL),
(1074, 23, 11, '2026-01-10', 'Present', NULL),
(1075, 24, 11, '2026-01-10', 'Present', NULL),
(1076, 22, 9, '2026-01-10', 'Present', NULL),
(1077, 23, 9, '2026-01-10', 'Present', NULL),
(1078, 24, 9, '2026-01-10', 'Absent', NULL),
(1079, 22, 10, '2026-01-10', 'Absent', NULL),
(1080, 23, 10, '2026-01-10', 'Present', NULL),
(1081, 24, 10, '2026-01-10', 'Present', NULL),
(1082, 22, 8, '2026-01-10', 'Present', NULL),
(1083, 23, 8, '2026-01-10', 'Present', NULL),
(1084, 24, 8, '2026-01-10', 'Present', NULL),
(1085, 22, 6, '2026-01-10', 'Present', NULL),
(1086, 23, 6, '2026-01-10', 'Present', NULL),
(1087, 24, 6, '2026-01-10', 'Present', NULL),
(1088, 22, 7, '2026-01-10', 'Present', NULL),
(1089, 23, 7, '2026-01-10', 'Present', NULL),
(1090, 24, 7, '2026-01-10', 'Present', NULL),
(1091, 22, 11, '2026-01-13', 'Present', NULL),
(1092, 23, 11, '2026-01-13', 'Present', NULL),
(1093, 24, 11, '2026-01-13', 'Absent', NULL),
(1094, 22, 9, '2026-01-13', 'Present', NULL),
(1095, 23, 9, '2026-01-13', 'Present', NULL),
(1096, 24, 9, '2026-01-13', 'Present', NULL),
(1097, 22, 10, '2026-01-13', 'Present', NULL),
(1098, 23, 10, '2026-01-13', 'Present', NULL),
(1099, 24, 10, '2026-01-13', 'Present', NULL),
(1100, 22, 8, '2026-01-13', 'Present', NULL),
(1101, 23, 8, '2026-01-13', 'Present', NULL),
(1102, 24, 8, '2026-01-13', 'Present', NULL),
(1103, 22, 6, '2026-01-13', 'Present', NULL),
(1104, 23, 6, '2026-01-13', 'Present', NULL),
(1105, 24, 6, '2026-01-13', 'Absent', NULL),
(1106, 22, 7, '2026-01-13', 'Absent', NULL),
(1107, 23, 7, '2026-01-13', 'Present', NULL),
(1108, 24, 7, '2026-01-13', 'Present', NULL),
(1109, 22, 11, '2026-01-14', 'Present', NULL),
(1110, 23, 11, '2026-01-14', 'Present', NULL),
(1111, 24, 11, '2026-01-14', 'Present', NULL),
(1112, 22, 9, '2026-01-14', 'Present', NULL),
(1113, 23, 9, '2026-01-14', 'Present', NULL),
(1114, 24, 9, '2026-01-14', 'Present', NULL),
(1115, 22, 10, '2026-01-14', 'Present', NULL),
(1116, 23, 10, '2026-01-14', 'Present', NULL),
(1117, 24, 10, '2026-01-14', 'Absent', NULL),
(1118, 22, 8, '2026-01-14', 'Present', NULL),
(1119, 23, 8, '2026-01-14', 'Present', NULL),
(1120, 24, 8, '2026-01-14', 'Present', NULL),
(1121, 22, 6, '2026-01-14', 'Present', NULL),
(1122, 23, 6, '2026-01-14', 'Present', NULL),
(1123, 24, 6, '2026-01-14', 'Present', NULL),
(1124, 22, 7, '2026-01-14', 'Present', NULL),
(1125, 23, 7, '2026-01-14', 'Present', NULL),
(1126, 24, 7, '2026-01-14', 'Present', NULL),
(1127, 22, 11, '2026-01-15', 'Present', NULL),
(1128, 23, 11, '2026-01-15', 'Absent', NULL),
(1129, 24, 11, '2026-01-15', 'Present', NULL),
(1130, 22, 9, '2026-01-15', 'Absent', NULL),
(1131, 23, 9, '2026-01-15', 'Present', NULL),
(1132, 24, 9, '2026-01-15', 'Present', NULL),
(1133, 22, 10, '2026-01-15', 'Present', NULL),
(1134, 23, 10, '2026-01-15', 'Present', NULL),
(1135, 24, 10, '2026-01-15', 'Present', NULL),
(1136, 22, 8, '2026-01-15', 'Present', NULL),
(1137, 23, 8, '2026-01-15', 'Present', NULL),
(1138, 24, 8, '2026-01-15', 'Present', NULL),
(1139, 22, 6, '2026-01-15', 'Present', NULL),
(1140, 23, 6, '2026-01-15', 'Absent', NULL),
(1141, 24, 6, '2026-01-15', 'Present', NULL),
(1142, 22, 7, '2026-01-15', 'Present', NULL),
(1143, 23, 7, '2026-01-15', 'Present', NULL),
(1144, 24, 7, '2026-01-15', 'Absent', NULL),
(1145, 22, 11, '2026-01-16', 'Present', NULL),
(1146, 23, 11, '2026-01-16', 'Present', NULL),
(1147, 24, 11, '2026-01-16', 'Absent', NULL),
(1148, 22, 9, '2026-01-16', 'Present', NULL),
(1149, 23, 9, '2026-01-16', 'Present', NULL),
(1150, 24, 9, '2026-01-16', 'Present', NULL),
(1151, 22, 10, '2026-01-16', 'Present', NULL),
(1152, 23, 10, '2026-01-16', 'Absent', NULL),
(1153, 24, 10, '2026-01-16', 'Absent', NULL),
(1154, 22, 8, '2026-01-16', 'Present', NULL),
(1155, 23, 8, '2026-01-16', 'Present', NULL),
(1156, 24, 8, '2026-01-16', 'Present', NULL),
(1157, 22, 6, '2026-01-16', 'Present', NULL),
(1158, 23, 6, '2026-01-16', 'Present', NULL),
(1159, 24, 6, '2026-01-16', 'Present', NULL),
(1160, 22, 7, '2026-01-16', 'Absent', NULL),
(1161, 23, 7, '2026-01-16', 'Present', NULL),
(1162, 24, 7, '2026-01-16', 'Present', NULL),
(1163, 22, 11, '2026-01-17', 'Present', NULL),
(1164, 23, 11, '2026-01-17', 'Present', NULL),
(1165, 24, 11, '2026-01-17', 'Present', NULL),
(1166, 22, 9, '2026-01-17', 'Absent', NULL),
(1167, 23, 9, '2026-01-17', 'Present', NULL),
(1168, 24, 9, '2026-01-17', 'Present', NULL),
(1169, 22, 10, '2026-01-17', 'Absent', NULL),
(1170, 23, 10, '2026-01-17', 'Present', NULL),
(1171, 24, 10, '2026-01-17', 'Present', NULL),
(1172, 22, 8, '2026-01-17', 'Present', NULL);
INSERT INTO `attendance` (`attendance_id`, `student_id`, `course_id`, `attendance_date`, `status`, `marked_by`) VALUES
(1173, 23, 8, '2026-01-17', 'Present', NULL),
(1174, 24, 8, '2026-01-17', 'Present', NULL),
(1175, 22, 6, '2026-01-17', 'Absent', NULL),
(1176, 23, 6, '2026-01-17', 'Present', NULL),
(1177, 24, 6, '2026-01-17', 'Present', NULL),
(1178, 22, 7, '2026-01-17', 'Present', NULL),
(1179, 23, 7, '2026-01-17', 'Present', NULL),
(1180, 24, 7, '2026-01-17', 'Present', NULL),
(1181, 22, 11, '2026-01-20', 'Present', NULL),
(1182, 23, 11, '2026-01-20', 'Present', NULL),
(1183, 24, 11, '2026-01-20', 'Present', NULL),
(1184, 22, 9, '2026-01-20', 'Present', NULL),
(1185, 23, 9, '2026-01-20', 'Present', NULL),
(1186, 24, 9, '2026-01-20', 'Present', NULL),
(1187, 22, 10, '2026-01-20', 'Present', NULL),
(1188, 23, 10, '2026-01-20', 'Present', NULL),
(1189, 24, 10, '2026-01-20', 'Present', NULL),
(1190, 22, 8, '2026-01-20', 'Present', NULL),
(1191, 23, 8, '2026-01-20', 'Present', NULL),
(1192, 24, 8, '2026-01-20', 'Absent', NULL),
(1193, 22, 6, '2026-01-20', 'Present', NULL),
(1194, 23, 6, '2026-01-20', 'Present', NULL),
(1195, 24, 6, '2026-01-20', 'Present', NULL),
(1196, 22, 7, '2026-01-20', 'Present', NULL),
(1197, 23, 7, '2026-01-20', 'Present', NULL),
(1198, 24, 7, '2026-01-20', 'Present', NULL),
(1199, 22, 11, '2026-01-21', 'Absent', NULL),
(1200, 23, 11, '2026-01-21', 'Present', NULL),
(1201, 24, 11, '2026-01-21', 'Present', NULL),
(1202, 22, 9, '2026-01-21', 'Present', NULL),
(1203, 23, 9, '2026-01-21', 'Present', NULL),
(1204, 24, 9, '2026-01-21', 'Absent', NULL),
(1205, 22, 10, '2026-01-21', 'Present', NULL),
(1206, 23, 10, '2026-01-21', 'Present', NULL),
(1207, 24, 10, '2026-01-21', 'Present', NULL),
(1208, 22, 8, '2026-01-21', 'Present', NULL),
(1209, 23, 8, '2026-01-21', 'Present', NULL),
(1210, 24, 8, '2026-01-21', 'Absent', NULL),
(1211, 22, 6, '2026-01-21', 'Present', NULL),
(1212, 23, 6, '2026-01-21', 'Present', NULL),
(1213, 24, 6, '2026-01-21', 'Present', NULL),
(1214, 22, 7, '2026-01-21', 'Present', NULL),
(1215, 23, 7, '2026-01-21', 'Present', NULL),
(1216, 24, 7, '2026-01-21', 'Present', NULL),
(1217, 22, 11, '2026-01-22', 'Present', NULL),
(1218, 23, 11, '2026-01-22', 'Present', NULL),
(1219, 24, 11, '2026-01-22', 'Present', NULL),
(1220, 22, 9, '2026-01-22', 'Present', NULL),
(1221, 23, 9, '2026-01-22', 'Present', NULL),
(1222, 24, 9, '2026-01-22', 'Absent', NULL),
(1223, 22, 10, '2026-01-22', 'Present', NULL),
(1224, 23, 10, '2026-01-22', 'Present', NULL),
(1225, 24, 10, '2026-01-22', 'Present', NULL),
(1226, 22, 8, '2026-01-22', 'Present', NULL),
(1227, 23, 8, '2026-01-22', 'Present', NULL),
(1228, 24, 8, '2026-01-22', 'Present', NULL),
(1229, 22, 6, '2026-01-22', 'Absent', NULL),
(1230, 23, 6, '2026-01-22', 'Present', NULL),
(1231, 24, 6, '2026-01-22', 'Present', NULL),
(1232, 22, 7, '2026-01-22', 'Present', NULL),
(1233, 23, 7, '2026-01-22', 'Present', NULL),
(1234, 24, 7, '2026-01-22', 'Present', NULL),
(1235, 22, 11, '2026-01-23', 'Present', NULL),
(1236, 23, 11, '2026-01-23', 'Present', NULL),
(1237, 24, 11, '2026-01-23', 'Present', NULL),
(1238, 22, 9, '2026-01-23', 'Present', NULL),
(1239, 23, 9, '2026-01-23', 'Present', NULL),
(1240, 24, 9, '2026-01-23', 'Absent', NULL),
(1241, 22, 10, '2026-01-23', 'Present', NULL),
(1242, 23, 10, '2026-01-23', 'Present', NULL),
(1243, 24, 10, '2026-01-23', 'Present', NULL),
(1244, 22, 8, '2026-01-23', 'Present', NULL),
(1245, 23, 8, '2026-01-23', 'Present', NULL),
(1246, 24, 8, '2026-01-23', 'Present', NULL),
(1247, 22, 6, '2026-01-23', 'Present', NULL),
(1248, 23, 6, '2026-01-23', 'Present', NULL),
(1249, 24, 6, '2026-01-23', 'Absent', NULL),
(1250, 22, 7, '2026-01-23', 'Present', NULL),
(1251, 23, 7, '2026-01-23', 'Present', NULL),
(1252, 24, 7, '2026-01-23', 'Present', NULL),
(1253, 22, 11, '2026-01-24', 'Present', NULL),
(1254, 23, 11, '2026-01-24', 'Present', NULL),
(1255, 24, 11, '2026-01-24', 'Present', NULL),
(1256, 22, 9, '2026-01-24', 'Present', NULL),
(1257, 23, 9, '2026-01-24', 'Present', NULL),
(1258, 24, 9, '2026-01-24', 'Present', NULL),
(1259, 22, 10, '2026-01-24', 'Present', NULL),
(1260, 23, 10, '2026-01-24', 'Present', NULL),
(1261, 24, 10, '2026-01-24', 'Present', NULL),
(1262, 22, 8, '2026-01-24', 'Present', NULL),
(1263, 23, 8, '2026-01-24', 'Present', NULL),
(1264, 24, 8, '2026-01-24', 'Present', NULL),
(1265, 22, 6, '2026-01-24', 'Absent', NULL),
(1266, 23, 6, '2026-01-24', 'Present', NULL),
(1267, 24, 6, '2026-01-24', 'Present', NULL),
(1268, 22, 7, '2026-01-24', 'Absent', NULL),
(1269, 23, 7, '2026-01-24', 'Present', NULL),
(1270, 24, 7, '2026-01-24', 'Absent', NULL),
(1271, 22, 11, '2026-01-27', 'Present', NULL),
(1272, 23, 11, '2026-01-27', 'Present', NULL),
(1273, 24, 11, '2026-01-27', 'Absent', NULL),
(1274, 22, 9, '2026-01-27', 'Present', NULL),
(1275, 23, 9, '2026-01-27', 'Present', NULL),
(1276, 24, 9, '2026-01-27', 'Present', NULL),
(1277, 22, 10, '2026-01-27', 'Present', NULL),
(1278, 23, 10, '2026-01-27', 'Present', NULL),
(1279, 24, 10, '2026-01-27', 'Present', NULL),
(1280, 22, 8, '2026-01-27', 'Present', NULL),
(1281, 23, 8, '2026-01-27', 'Present', NULL),
(1282, 24, 8, '2026-01-27', 'Present', NULL),
(1283, 22, 6, '2026-01-27', 'Present', NULL),
(1284, 23, 6, '2026-01-27', 'Present', NULL),
(1285, 24, 6, '2026-01-27', 'Present', NULL),
(1286, 22, 7, '2026-01-27', 'Present', NULL),
(1287, 23, 7, '2026-01-27', 'Present', NULL),
(1288, 24, 7, '2026-01-27', 'Present', NULL),
(1289, 22, 11, '2026-01-28', 'Present', NULL),
(1290, 23, 11, '2026-01-28', 'Present', NULL),
(1291, 24, 11, '2026-01-28', 'Present', NULL),
(1292, 22, 9, '2026-01-28', 'Present', NULL),
(1293, 23, 9, '2026-01-28', 'Present', NULL),
(1294, 24, 9, '2026-01-28', 'Present', NULL),
(1295, 22, 10, '2026-01-28', 'Present', NULL),
(1296, 23, 10, '2026-01-28', 'Present', NULL),
(1297, 24, 10, '2026-01-28', 'Absent', NULL),
(1298, 22, 8, '2026-01-28', 'Present', NULL),
(1299, 23, 8, '2026-01-28', 'Present', NULL),
(1300, 24, 8, '2026-01-28', 'Present', NULL),
(1301, 22, 6, '2026-01-28', 'Present', NULL),
(1302, 23, 6, '2026-01-28', 'Present', NULL),
(1303, 24, 6, '2026-01-28', 'Absent', NULL),
(1304, 22, 7, '2026-01-28', 'Present', NULL),
(1305, 23, 7, '2026-01-28', 'Present', NULL),
(1306, 24, 7, '2026-01-28', 'Present', NULL),
(1307, 22, 11, '2026-01-29', 'Present', NULL),
(1308, 23, 11, '2026-01-29', 'Present', NULL),
(1309, 24, 11, '2026-01-29', 'Present', NULL),
(1310, 22, 9, '2026-01-29', 'Present', NULL),
(1311, 23, 9, '2026-01-29', 'Present', NULL),
(1312, 24, 9, '2026-01-29', 'Present', NULL),
(1313, 22, 10, '2026-01-29', 'Present', NULL),
(1314, 23, 10, '2026-01-29', 'Present', NULL),
(1315, 24, 10, '2026-01-29', 'Present', NULL),
(1316, 22, 8, '2026-01-29', 'Present', NULL),
(1317, 23, 8, '2026-01-29', 'Present', NULL),
(1318, 24, 8, '2026-01-29', 'Present', NULL),
(1319, 22, 6, '2026-01-29', 'Present', NULL),
(1320, 23, 6, '2026-01-29', 'Present', NULL),
(1321, 24, 6, '2026-01-29', 'Present', NULL),
(1322, 22, 7, '2026-01-29', 'Present', NULL),
(1323, 23, 7, '2026-01-29', 'Absent', NULL),
(1324, 24, 7, '2026-01-29', 'Absent', NULL),
(1325, 22, 11, '2026-01-30', 'Present', NULL),
(1326, 23, 11, '2026-01-30', 'Present', NULL),
(1327, 24, 11, '2026-01-30', 'Present', NULL),
(1328, 22, 9, '2026-01-30', 'Present', NULL),
(1329, 23, 9, '2026-01-30', 'Absent', NULL),
(1330, 24, 9, '2026-01-30', 'Present', NULL),
(1331, 22, 10, '2026-01-30', 'Present', NULL),
(1332, 23, 10, '2026-01-30', 'Present', NULL),
(1333, 24, 10, '2026-01-30', 'Absent', NULL),
(1334, 22, 8, '2026-01-30', 'Present', NULL),
(1335, 23, 8, '2026-01-30', 'Present', NULL),
(1336, 24, 8, '2026-01-30', 'Absent', NULL),
(1337, 22, 6, '2026-01-30', 'Present', NULL),
(1338, 23, 6, '2026-01-30', 'Present', NULL),
(1339, 24, 6, '2026-01-30', 'Present', NULL),
(1340, 22, 7, '2026-01-30', 'Present', NULL),
(1341, 23, 7, '2026-01-30', 'Present', NULL),
(1342, 24, 7, '2026-01-30', 'Present', NULL),
(1343, 22, 11, '2026-01-31', 'Present', NULL),
(1344, 23, 11, '2026-01-31', 'Present', NULL),
(1345, 24, 11, '2026-01-31', 'Absent', NULL),
(1346, 22, 9, '2026-01-31', 'Present', NULL),
(1347, 23, 9, '2026-01-31', 'Present', NULL),
(1348, 24, 9, '2026-01-31', 'Present', NULL),
(1349, 22, 10, '2026-01-31', 'Present', NULL),
(1350, 23, 10, '2026-01-31', 'Present', NULL),
(1351, 24, 10, '2026-01-31', 'Present', NULL),
(1352, 22, 8, '2026-01-31', 'Present', NULL),
(1353, 23, 8, '2026-01-31', 'Absent', NULL),
(1354, 24, 8, '2026-01-31', 'Present', NULL),
(1355, 22, 6, '2026-01-31', 'Present', NULL),
(1356, 23, 6, '2026-01-31', 'Present', NULL),
(1357, 24, 6, '2026-01-31', 'Absent', NULL),
(1358, 22, 7, '2026-01-31', 'Present', NULL),
(1359, 23, 7, '2026-01-31', 'Present', NULL),
(1360, 24, 7, '2026-01-31', 'Absent', NULL),
(1512, 2, 1, '2026-06-28', 'Present', 1),
(1513, 3, 1, '2026-06-28', 'Present', 1),
(1514, 4, 1, '2026-06-28', 'Present', 1),
(1515, 5, 1, '2026-06-28', 'Present', 1),
(1516, 6, 1, '2026-06-28', 'Present', 1),
(1517, 7, 1, '2026-06-28', 'Present', 1),
(1518, 8, 1, '2026-06-28', 'Present', 1),
(1519, 9, 1, '2026-06-28', 'Present', 1),
(1520, 10, 1, '2026-06-28', 'Present', 1),
(1521, 11, 1, '2026-06-28', 'Present', 1),
(1522, 2, 1, '2026-06-29', 'Present', 1),
(1523, 3, 1, '2026-06-29', 'Present', 1),
(1524, 4, 1, '2026-06-29', 'Present', 1),
(1525, 5, 1, '2026-06-29', 'Present', 1),
(1526, 6, 1, '2026-06-29', 'Present', 1),
(1527, 7, 1, '2026-06-29', 'Present', 1),
(1528, 8, 1, '2026-06-29', 'Present', 1),
(1529, 9, 1, '2026-06-29', 'Present', 1),
(1530, 10, 1, '2026-06-29', 'Present', 1),
(1531, 11, 1, '2026-06-29', 'Present', 1),
(1532, 23, 1, '2026-06-29', 'Absent', 1);

-- --------------------------------------------------------

--
-- Table structure for table `backlogs`
--

CREATE TABLE `backlogs` (
  `backlog_id` int(11) NOT NULL,
  `student_id` int(11) NOT NULL,
  `course_id` int(11) NOT NULL,
  `semester` int(11) NOT NULL,
  `status` enum('Pending','Cleared') DEFAULT 'Pending'
) ENGINE=InnoDB DEFAULT CHARSET=utf8mb4 COLLATE=utf8mb4_unicode_ci;

-- --------------------------------------------------------

--
-- Table structure for table `courses`
--

CREATE TABLE `courses` (
  `course_id` int(11) NOT NULL,
  `course_code` varchar(20) NOT NULL,
  `course_name` varchar(100) NOT NULL,
  `credits` int(11) NOT NULL,
  `semester` int(11) NOT NULL,
  `department_id` int(11) DEFAULT NULL
) ENGINE=InnoDB DEFAULT CHARSET=utf8mb4 COLLATE=utf8mb4_unicode_ci;

--
-- Dumping data for table `courses`
--

INSERT INTO `courses` (`course_id`, `course_code`, `course_name`, `credits`, `semester`, `department_id`) VALUES
(1, 'CSE301', 'Data Structures', 4, 3, 1),
(2, 'CSE302', 'Database Management Systems', 4, 3, 1),
(3, 'CSE303', 'Operating Systems', 3, 3, 1),
(4, 'ECE301', 'Digital Electronics', 4, 3, 2),
(5, 'ECE302', 'Signals and Systems', 3, 3, 2),
(6, 'DBMS-D2', 'Database System', 4, 5, 1),
(7, 'OS-B2', 'Operating System', 4, 5, 1),
(8, 'DAA-F2', 'Design and Analysis of Algorithms', 4, 5, 1),
(9, 'CAD-A2', 'Cloud Architecture Design', 3, 5, 1),
(10, 'CD-G2', 'Compiler Design', 4, 5, 1),
(11, 'AI-C2', 'Artificial Intelligence', 3, 5, 1);

-- --------------------------------------------------------

--
-- Table structure for table `course_assignments`
--

CREATE TABLE `course_assignments` (
  `assignment_id` int(11) NOT NULL,
  `course_id` int(11) NOT NULL,
  `faculty_id` int(11) NOT NULL,
  `academic_year` varchar(9) NOT NULL,
  `semester` int(11) NOT NULL
) ENGINE=InnoDB DEFAULT CHARSET=utf8mb4 COLLATE=utf8mb4_unicode_ci;

--
-- Dumping data for table `course_assignments`
--

INSERT INTO `course_assignments` (`assignment_id`, `course_id`, `faculty_id`, `academic_year`, `semester`) VALUES
(1, 1, 1, '2025-2026', 3),
(2, 2, 1, '2025-2026', 3),
(3, 3, 1, '2025-2026', 3),
(4, 4, 2, '2025-2026', 3),
(5, 5, 2, '2025-2026', 3),
(6, 6, 4, '2025-2026', 5),
(7, 6, 5, '2025-2026', 5),
(8, 6, 6, '2025-2026', 5),
(9, 6, 7, '2025-2026', 5),
(10, 7, 8, '2025-2026', 5),
(11, 7, 9, '2025-2026', 5),
(12, 7, 10, '2025-2026', 5),
(13, 7, 11, '2025-2026', 5),
(14, 8, 12, '2025-2026', 5),
(16, 9, 10, '2025-2026', 5),
(15, 9, 13, '2025-2026', 5),
(17, 9, 14, '2025-2026', 5),
(18, 9, 15, '2025-2026', 5),
(20, 10, 5, '2025-2026', 5),
(19, 10, 16, '2025-2026', 5),
(21, 10, 17, '2025-2026', 5),
(22, 10, 18, '2025-2026', 5),
(23, 11, 4, '2025-2026', 5),
(24, 11, 19, '2025-2026', 5),
(25, 11, 20, '2025-2026', 5),
(26, 11, 21, '2025-2026', 5);

-- --------------------------------------------------------

--
-- Table structure for table `departments`
--

CREATE TABLE `departments` (
  `department_id` int(11) NOT NULL,
  `department_name` varchar(100) NOT NULL,
  `department_code` varchar(10) NOT NULL
) ENGINE=InnoDB DEFAULT CHARSET=utf8mb4 COLLATE=utf8mb4_unicode_ci;

--
-- Dumping data for table `departments`
--

INSERT INTO `departments` (`department_id`, `department_name`, `department_code`) VALUES
(1, 'Computer Science', 'CSE'),
(2, 'Electronics', 'ECE');

-- --------------------------------------------------------

--
-- Table structure for table `enrollments`
--

CREATE TABLE `enrollments` (
  `enrollment_id` int(11) NOT NULL,
  `student_id` int(11) NOT NULL,
  `course_id` int(11) NOT NULL,
  `academic_year` varchar(9) NOT NULL,
  `semester` int(11) NOT NULL
) ENGINE=InnoDB DEFAULT CHARSET=utf8mb4 COLLATE=utf8mb4_unicode_ci;

--
-- Dumping data for table `enrollments`
--

INSERT INTO `enrollments` (`enrollment_id`, `student_id`, `course_id`, `academic_year`, `semester`) VALUES
(1, 2, 1, '2025-2026', 3),
(2, 2, 2, '2025-2026', 3),
(3, 2, 3, '2025-2026', 3),
(4, 3, 1, '2025-2026', 3),
(5, 3, 2, '2025-2026', 3),
(6, 3, 3, '2025-2026', 3),
(7, 4, 1, '2025-2026', 3),
(8, 4, 2, '2025-2026', 3),
(9, 4, 3, '2025-2026', 3),
(10, 5, 1, '2025-2026', 3),
(11, 5, 2, '2025-2026', 3),
(12, 5, 3, '2025-2026', 3),
(13, 6, 1, '2025-2026', 3),
(14, 6, 2, '2025-2026', 3),
(15, 6, 3, '2025-2026', 3),
(16, 7, 1, '2025-2026', 3),
(17, 7, 2, '2025-2026', 3),
(18, 7, 3, '2025-2026', 3),
(19, 8, 1, '2025-2026', 3),
(20, 8, 2, '2025-2026', 3),
(21, 8, 3, '2025-2026', 3),
(22, 9, 1, '2025-2026', 3),
(23, 9, 2, '2025-2026', 3),
(24, 9, 3, '2025-2026', 3),
(25, 10, 1, '2025-2026', 3),
(26, 10, 2, '2025-2026', 3),
(27, 10, 3, '2025-2026', 3),
(28, 11, 1, '2025-2026', 3),
(29, 11, 2, '2025-2026', 3),
(30, 11, 3, '2025-2026', 3),
(32, 12, 4, '2025-2026', 3),
(33, 12, 5, '2025-2026', 3),
(34, 13, 4, '2025-2026', 3),
(35, 13, 5, '2025-2026', 3),
(36, 14, 4, '2025-2026', 3),
(37, 14, 5, '2025-2026', 3),
(38, 15, 4, '2025-2026', 3),
(39, 15, 5, '2025-2026', 3),
(40, 16, 4, '2025-2026', 3),
(41, 16, 5, '2025-2026', 3),
(42, 17, 4, '2025-2026', 3),
(43, 17, 5, '2025-2026', 3),
(44, 18, 4, '2025-2026', 3),
(45, 18, 5, '2025-2026', 3),
(46, 19, 4, '2025-2026', 3),
(47, 19, 5, '2025-2026', 3),
(48, 20, 4, '2025-2026', 3),
(49, 20, 5, '2025-2026', 3),
(50, 21, 4, '2025-2026', 3),
(51, 21, 5, '2025-2026', 3),
(76, 22, 6, '2025-2026', 5),
(79, 22, 7, '2025-2026', 5),
(73, 22, 8, '2025-2026', 5),
(67, 22, 9, '2025-2026', 5),
(70, 22, 10, '2025-2026', 5),
(64, 22, 11, '2025-2026', 5),
(82, 23, 1, '2025-2026', 3),
(77, 23, 6, '2025-2026', 5),
(80, 23, 7, '2025-2026', 5),
(74, 23, 8, '2025-2026', 5),
(68, 23, 9, '2025-2026', 5),
(71, 23, 10, '2025-2026', 5),
(65, 23, 11, '2025-2026', 5),
(78, 24, 6, '2025-2026', 5),
(81, 24, 7, '2025-2026', 5),
(75, 24, 8, '2025-2026', 5),
(69, 24, 9, '2025-2026', 5),
(72, 24, 10, '2025-2026', 5),
(66, 24, 11, '2025-2026', 5);

-- --------------------------------------------------------

--
-- Table structure for table `faculty`
--

CREATE TABLE `faculty` (
  `faculty_id` int(11) NOT NULL,
  `user_id` int(11) DEFAULT NULL,
  `employee_code` varchar(20) NOT NULL,
  `full_name` varchar(100) NOT NULL,
  `department_id` int(11) DEFAULT NULL,
  `designation` varchar(50) DEFAULT NULL,
  `phone` varchar(15) DEFAULT NULL,
  `is_hod` tinyint(1) DEFAULT 0
) ENGINE=InnoDB DEFAULT CHARSET=utf8mb4 COLLATE=utf8mb4_unicode_ci;

--
-- Dumping data for table `faculty`
--

INSERT INTO `faculty` (`faculty_id`, `user_id`, `employee_code`, `full_name`, `department_id`, `designation`, `phone`, `is_hod`) VALUES
(1, 3, 'FAC001', 'Dr. Rajesh Sharma', 1, 'Associate Professor', '9876543210', 0),
(2, 4, 'FAC002', 'Prof. Anita Mehta', 2, 'Assistant Professor', '9876543211', 0),
(4, 26, 'FAC003', 'Anuradha D', 1, 'Associate Professor', NULL, 0),
(5, 27, 'FAC004', 'Kanagaraj R', 1, 'Associate Professor', NULL, 0),
(6, 28, 'FAC005', 'Sivakumar V', 1, 'Assistant Professor', NULL, 0),
(7, 29, 'FAC006', 'Deepika J', 1, 'Assistant Professor', NULL, 0),
(8, 30, 'FAC007', 'Hiteshwar Kumar Azad', 1, 'Associate Professor', NULL, 0),
(9, 31, 'FAC008', 'Thanuja', 1, 'Assistant Professor', NULL, 0),
(10, 32, 'FAC009', 'Arthi M', 1, 'Assistant Professor', NULL, 0),
(11, 33, 'FAC010', 'Anisha M. Lal', 1, 'Assistant Professor', NULL, 0),
(12, 34, 'FAC011', 'Srivani', 1, 'Assistant Professor', NULL, 0),
(13, 35, 'FAC012', 'Adrija Bhattacharya', 1, 'Assistant Professor', NULL, 0),
(14, 36, 'FAC013', 'Dhivyaa C R', 1, 'Associate Professor', NULL, 0),
(15, 37, 'FAC014', 'Parthiban K', 1, 'Assistant Professor', NULL, 0),
(16, 38, 'FAC015', 'Ranjithkumar S', 1, 'Assistant Professor', NULL, 0),
(17, 39, 'FAC016', 'Shalini', 1, 'Assistant Professor', NULL, 0),
(18, 40, 'FAC017', 'Sathya K', 1, 'Assistant Professor', NULL, 0),
(19, 41, 'FAC018', 'Vijayashree J', 1, 'Assistant Professor', NULL, 0),
(20, 42, 'FAC019', 'Shareef Basha', 1, 'Assistant Professor', NULL, 0),
(21, 43, 'FAC020', 'Chiranjeevi C', 1, 'Assistant Professor', NULL, 0),
(22, 44, 'HOD001', 'Dr. Prasenjit', 1, 'HOD & Professor', NULL, 1);

-- --------------------------------------------------------

--
-- Table structure for table `marks`
--

CREATE TABLE `marks` (
  `marks_id` int(11) NOT NULL,
  `student_id` int(11) NOT NULL,
  `course_id` int(11) NOT NULL,
  `academic_year` varchar(9) NOT NULL,
  `semester` int(11) NOT NULL,
  `cat1` decimal(5,2) DEFAULT 0.00,
  `cat2` decimal(5,2) DEFAULT 0.00,
  `assignment` decimal(5,2) DEFAULT 0.00,
  `final_exam` decimal(5,2) DEFAULT 0.00,
  `total` decimal(6,2) GENERATED ALWAYS AS (`cat1` + `cat2` + `assignment` + `final_exam`) STORED,
  `grade` varchar(2) DEFAULT NULL,
  `grade_point` decimal(3,1) DEFAULT NULL
) ENGINE=InnoDB DEFAULT CHARSET=utf8mb4 COLLATE=utf8mb4_unicode_ci;

--
-- Dumping data for table `marks`
--

INSERT INTO `marks` (`marks_id`, `student_id`, `course_id`, `academic_year`, `semester`, `cat1`, `cat2`, `assignment`, `final_exam`, `grade`, `grade_point`) VALUES
(1, 2, 1, '2025-2026', 3, 22.70, 20.60, 7.60, 50.70, 'A', 8.0),
(2, 2, 2, '2025-2026', 3, 22.20, 19.30, 9.50, 65.50, 'A+', 9.0),
(3, 2, 3, '2025-2026', 3, 28.60, 21.80, 7.60, 71.30, 'A+', 9.0),
(4, 3, 1, '2025-2026', 3, 27.60, 21.60, 8.10, 68.20, 'A+', 9.0),
(5, 3, 2, '2025-2026', 3, 27.20, 23.80, 8.00, 46.10, 'A', 8.0),
(6, 3, 3, '2025-2026', 3, 20.60, 29.70, 7.70, 51.90, 'A', 8.0),
(7, 4, 1, '2025-2026', 3, 23.50, 24.70, 8.80, 50.90, 'A', 8.0),
(8, 4, 2, '2025-2026', 3, 20.40, 22.10, 8.20, 67.10, 'A+', 9.0),
(9, 4, 3, '2025-2026', 3, 24.40, 22.90, 9.00, 72.70, 'A+', 9.0),
(10, 5, 1, '2025-2026', 3, 25.80, 23.30, 8.40, 73.10, 'O', 10.0),
(11, 5, 2, '2025-2026', 3, 21.00, 22.70, 8.30, 70.10, 'A+', 9.0),
(12, 5, 3, '2025-2026', 3, 28.70, 29.40, 7.30, 64.70, 'A+', 9.0),
(13, 6, 1, '2025-2026', 3, 29.70, 28.60, 8.60, 45.10, 'A', 8.0),
(14, 6, 2, '2025-2026', 3, 23.00, 17.90, 7.30, 52.10, 'B+', 7.0),
(15, 6, 3, '2025-2026', 3, 29.10, 29.00, 9.50, 55.00, 'A+', 9.0),
(16, 7, 1, '2025-2026', 3, 20.40, 17.30, 8.50, 59.10, 'A', 8.0),
(17, 7, 2, '2025-2026', 3, 27.90, 26.30, 7.30, 54.70, 'A+', 9.0),
(18, 7, 3, '2025-2026', 3, 22.10, 26.60, 9.00, 46.60, 'A', 8.0),
(19, 8, 1, '2025-2026', 3, 21.70, 21.90, 9.90, 64.80, 'A+', 9.0),
(20, 8, 2, '2025-2026', 3, 23.10, 19.10, 8.60, 50.20, 'B+', 7.0),
(21, 8, 3, '2025-2026', 3, 21.30, 28.00, 8.20, 59.80, 'A+', 9.0),
(22, 9, 1, '2025-2026', 3, 21.00, 27.20, 7.50, 59.10, 'A', 8.0),
(23, 9, 2, '2025-2026', 3, 28.30, 28.30, 9.30, 54.00, 'A+', 9.0),
(24, 9, 3, '2025-2026', 3, 19.90, 28.30, 9.70, 71.20, 'A+', 9.0),
(25, 10, 1, '2025-2026', 3, 10.00, 11.00, 5.00, 28.00, 'F', 0.0),
(26, 10, 2, '2025-2026', 3, 28.10, 21.80, 8.00, 62.10, 'A+', 9.0),
(27, 10, 3, '2025-2026', 3, 28.00, 23.20, 9.60, 71.80, 'O', 10.0),
(28, 11, 1, '2025-2026', 3, 28.50, 26.10, 9.60, 54.10, 'A+', 9.0),
(29, 11, 2, '2025-2026', 3, 28.40, 22.60, 8.60, 58.30, 'A+', 9.0),
(30, 11, 3, '2025-2026', 3, 24.90, 23.90, 9.80, 47.80, 'A', 8.0),
(32, 12, 4, '2025-2026', 3, 24.80, 29.80, 9.90, 72.10, 'O', 10.0),
(33, 12, 5, '2025-2026', 3, 24.90, 22.50, 8.80, 71.30, 'A+', 9.0),
(34, 13, 4, '2025-2026', 3, 20.60, 16.80, 9.10, 51.50, 'B+', 7.0),
(35, 13, 5, '2025-2026', 3, 19.90, 24.50, 7.20, 57.80, 'A', 8.0),
(36, 14, 4, '2025-2026', 3, 24.90, 26.50, 9.70, 48.90, 'A', 8.0),
(37, 14, 5, '2025-2026', 3, 22.70, 26.70, 7.80, 69.10, 'A+', 9.0),
(38, 15, 4, '2025-2026', 3, 27.40, 24.10, 8.80, 59.30, 'A+', 9.0),
(39, 15, 5, '2025-2026', 3, 25.30, 26.30, 9.20, 62.40, 'A+', 9.0),
(40, 16, 4, '2025-2026', 3, 27.60, 18.20, 9.20, 49.00, 'A', 8.0),
(41, 16, 5, '2025-2026', 3, 27.80, 21.90, 9.60, 41.20, 'B+', 7.0),
(42, 17, 4, '2025-2026', 3, 21.90, 17.40, 8.70, 66.30, 'A', 8.0),
(43, 17, 5, '2025-2026', 3, 25.70, 19.30, 8.00, 58.90, 'A', 8.0),
(44, 18, 4, '2025-2026', 3, 17.60, 18.10, 9.00, 74.50, 'A+', 9.0),
(45, 18, 5, '2025-2026', 3, 25.10, 20.80, 6.40, 46.30, 'B+', 7.0),
(46, 19, 4, '2025-2026', 3, 24.50, 23.80, 6.70, 42.30, 'B+', 7.0),
(47, 19, 5, '2025-2026', 3, 26.80, 25.80, 7.30, 53.00, 'A', 8.0),
(48, 20, 4, '2025-2026', 3, 9.00, 10.00, 4.00, 25.00, 'F', 0.0),
(49, 20, 5, '2025-2026', 3, 15.10, 15.00, 7.20, 48.90, 'B', 6.0),
(50, 21, 4, '2025-2026', 3, 21.10, 18.20, 6.40, 65.90, 'A', 8.0),
(51, 21, 5, '2025-2026', 3, 20.70, 24.70, 6.80, 40.70, 'B+', 7.0),
(52, 22, 11, '2025-2026', 5, 23.40, 23.90, 8.20, 66.30, 'A+', 9.0),
(53, 22, 9, '2025-2026', 5, 26.00, 28.40, 9.20, 67.10, 'O', 10.0),
(54, 22, 10, '2025-2026', 5, 23.30, 21.30, 9.30, 58.40, 'A', 8.0),
(55, 22, 8, '2025-2026', 5, 29.10, 29.20, 9.80, 70.80, 'O', 10.0),
(56, 22, 6, '2025-2026', 5, 23.90, 28.50, 8.90, 70.10, 'O', 10.0),
(57, 22, 7, '2025-2026', 5, 25.30, 28.30, 9.60, 66.30, 'A+', 9.0),
(59, 23, 11, '2025-2026', 5, 27.70, 27.20, 9.90, 64.70, 'A+', 9.0),
(60, 23, 9, '2025-2026', 5, 27.30, 25.30, 9.30, 64.50, 'A+', 9.0),
(61, 23, 10, '2025-2026', 5, 26.50, 25.50, 9.10, 62.50, 'A+', 9.0),
(62, 23, 8, '2025-2026', 5, 26.10, 29.70, 9.70, 70.50, 'O', 10.0),
(63, 23, 6, '2025-2026', 5, 26.70, 29.50, 10.00, 63.50, 'A+', 9.0),
(64, 23, 7, '2025-2026', 5, 28.80, 25.50, 9.40, 73.40, 'O', 10.0),
(66, 24, 11, '2025-2026', 5, 15.60, 21.00, 6.90, 48.10, 'B+', 7.0),
(67, 24, 9, '2025-2026', 5, 16.20, 17.80, 7.60, 51.80, 'B+', 7.0),
(68, 24, 10, '2025-2026', 5, 18.20, 22.10, 6.40, 43.00, 'B+', 7.0),
(69, 24, 8, '2025-2026', 5, 18.90, 19.00, 7.00, 42.80, 'B+', 7.0),
(70, 24, 6, '2025-2026', 5, 22.10, 15.40, 7.60, 46.80, 'B+', 7.0),
(71, 24, 7, '2025-2026', 5, 15.60, 16.60, 6.30, 56.20, 'B+', 7.0);

-- --------------------------------------------------------

--
-- Table structure for table `semester_gpa`
--

CREATE TABLE `semester_gpa` (
  `gpa_id` int(11) NOT NULL,
  `student_id` int(11) NOT NULL,
  `semester` int(11) NOT NULL,
  `academic_year` varchar(9) NOT NULL,
  `sgpa` decimal(4,2) DEFAULT NULL,
  `cgpa` decimal(4,2) DEFAULT NULL,
  `calculated_at` timestamp NOT NULL DEFAULT current_timestamp()
) ENGINE=InnoDB DEFAULT CHARSET=utf8mb4 COLLATE=utf8mb4_unicode_ci;

--
-- Dumping data for table `semester_gpa`
--

INSERT INTO `semester_gpa` (`gpa_id`, `student_id`, `semester`, `academic_year`, `sgpa`, `cgpa`, `calculated_at`) VALUES
(1, 2, 3, '2025-2026', 8.64, 8.64, '2026-06-28 06:00:39'),
(2, 3, 3, '2025-2026', 8.36, 8.36, '2026-06-28 06:00:39'),
(3, 4, 3, '2025-2026', 8.64, 8.64, '2026-06-28 06:00:39'),
(4, 5, 3, '2025-2026', 9.36, 9.36, '2026-06-28 06:00:39'),
(5, 6, 3, '2025-2026', 7.91, 7.91, '2026-06-28 06:00:39'),
(6, 7, 3, '2025-2026', 8.36, 8.36, '2026-06-28 06:00:39'),
(7, 8, 3, '2025-2026', 8.27, 8.27, '2026-06-28 06:00:39'),
(8, 9, 3, '2025-2026', 8.64, 8.64, '2026-06-28 06:00:39'),
(9, 10, 3, '2025-2026', 6.00, 6.00, '2026-06-28 06:00:39'),
(10, 11, 3, '2025-2026', 8.73, 8.73, '2026-06-28 06:00:39'),
(11, 12, 3, '2025-2026', 9.57, 9.57, '2026-06-28 06:00:39'),
(12, 13, 3, '2025-2026', 7.43, 7.43, '2026-06-28 06:00:39'),
(13, 14, 3, '2025-2026', 8.43, 8.43, '2026-06-28 06:00:39'),
(14, 15, 3, '2025-2026', 9.00, 9.00, '2026-06-28 06:00:39'),
(15, 16, 3, '2025-2026', 7.57, 7.57, '2026-06-28 06:00:39'),
(16, 17, 3, '2025-2026', 8.00, 8.00, '2026-06-28 06:00:39'),
(17, 18, 3, '2025-2026', 8.14, 8.14, '2026-06-28 06:00:39'),
(18, 19, 3, '2025-2026', 7.43, 7.43, '2026-06-28 06:00:39'),
(19, 20, 3, '2025-2026', 2.57, 2.57, '2026-06-28 06:00:39'),
(20, 21, 3, '2025-2026', 7.57, 7.57, '2026-06-28 06:00:39'),
(21, 22, 5, '2025-2026', 9.32, 9.32, '2026-06-28 06:59:02'),
(22, 23, 5, '2025-2026', 9.36, 9.36, '2026-06-28 06:59:02'),
(23, 24, 5, '2025-2026', 7.00, 7.00, '2026-06-28 06:59:02');

-- --------------------------------------------------------

--
-- Table structure for table `students`
--

CREATE TABLE `students` (
  `student_id` int(11) NOT NULL,
  `user_id` int(11) DEFAULT NULL,
  `roll_number` varchar(20) NOT NULL,
  `full_name` varchar(100) NOT NULL,
  `dob` date DEFAULT NULL,
  `gender` enum('Male','Female','Other') DEFAULT NULL,
  `department_id` int(11) DEFAULT NULL,
  `current_semester` int(11) DEFAULT 1,
  `batch_year` year(4) DEFAULT NULL,
  `phone` varchar(15) DEFAULT NULL,
  `address` text DEFAULT NULL,
  `photo_path` varchar(255) DEFAULT NULL,
  `admission_date` date DEFAULT NULL
) ENGINE=InnoDB DEFAULT CHARSET=utf8mb4 COLLATE=utf8mb4_unicode_ci;

--
-- Dumping data for table `students`
--

INSERT INTO `students` (`student_id`, `user_id`, `roll_number`, `full_name`, `dob`, `gender`, `department_id`, `current_semester`, `batch_year`, `phone`, `address`, `photo_path`, `admission_date`) VALUES
(2, 5, 'CSE2021001', 'Arjun Kumar', '2003-04-12', 'Male', 1, 3, '2021', '9811001001', NULL, NULL, '2021-08-01'),
(3, 6, 'CSE2021002', 'Priya Sharma', '2003-07-22', 'Female', 1, 3, '2021', '9811001002', NULL, NULL, '2021-08-01'),
(4, 7, 'CSE2021003', 'Rohit Verma', '2002-11-05', 'Male', 1, 3, '2021', '9811001003', NULL, NULL, '2021-08-01'),
(5, 8, 'CSE2021004', 'Sneha Patel', '2003-02-18', 'Female', 1, 3, '2021', '9811001004', NULL, NULL, '2021-08-01'),
(6, 9, 'CSE2021005', 'Amit Singh', '2003-09-30', 'Male', 1, 3, '2021', '9811001005', NULL, NULL, '2021-08-01'),
(7, 10, 'CSE2021006', 'Pooja Reddy', '2002-12-14', 'Female', 1, 3, '2021', '9811001006', NULL, NULL, '2021-08-01'),
(8, 11, 'CSE2021007', 'Vikram Nair', '2003-03-08', 'Male', 1, 3, '2021', '9811001007', NULL, NULL, '2021-08-01'),
(9, 12, 'CSE2021008', 'Ananya Iyer', '2003-06-25', 'Female', 1, 3, '2021', '9811001008', NULL, NULL, '2021-08-01'),
(10, 13, 'CSE2021009', 'Karan Joshi', '2002-10-17', 'Male', 1, 3, '2021', '9811001009', NULL, NULL, '2021-08-01'),
(11, 14, 'CSE2021010', 'Divya Menon', '2003-01-29', 'Female', 1, 3, '2021', '9811001010', NULL, NULL, '2021-08-01'),
(12, 15, 'ECE2021001', 'Rahul Pillai', '2003-05-11', 'Male', 2, 3, '2021', '9811002001', NULL, NULL, '2021-08-01'),
(13, 16, 'ECE2021002', 'Nisha Gupta', '2002-08-03', 'Female', 2, 3, '2021', '9811002002', NULL, NULL, '2021-08-01'),
(14, 17, 'ECE2021003', 'Suresh Kumar', '2003-02-27', 'Male', 2, 3, '2021', '9811002003', NULL, NULL, '2021-08-01'),
(15, 18, 'ECE2021004', 'Meera Das', '2003-07-09', 'Female', 2, 3, '2021', '9811002004', NULL, NULL, '2021-08-01'),
(16, 19, 'ECE2021005', 'Ajay Tiwari', '2002-11-21', 'Male', 2, 3, '2021', '9811002005', NULL, NULL, '2021-08-01'),
(17, 20, 'ECE2021006', 'Kavya Rao', '2003-04-16', 'Female', 2, 3, '2021', '9811002006', NULL, NULL, '2021-08-01'),
(18, 21, 'ECE2021007', 'Nikhil Shah', '2003-09-02', 'Male', 2, 3, '2021', '9811002007', NULL, NULL, '2021-08-01'),
(19, 22, 'ECE2021008', 'Ritu Bose', '2002-12-30', 'Female', 2, 3, '2021', '9811002008', NULL, NULL, '2021-08-01'),
(20, 23, 'ECE2021009', 'Deepak Choudhary', '2003-03-19', 'Male', 2, 3, '2021', '9811002009', NULL, NULL, '2021-08-01'),
(21, 24, 'ECE2021010', 'Swati Agarwal', '2003-06-07', 'Female', 2, 3, '2021', '9811002010', NULL, NULL, '2021-08-01'),
(22, 45, 'CSE2021011', 'Debansha Datta', '2003-05-15', 'Male', 1, 5, '2021', '9800000001', NULL, NULL, '2021-08-01'),
(23, 46, 'CSE2021012', 'Parnasree Das', '2003-08-22', 'Female', 1, 5, '2021', '9800000002', NULL, NULL, '2021-08-01'),
(24, 47, 'CSE2021013', 'Tirthasree Biswas', '2003-11-10', 'Female', 1, 5, '2021', '9800000003', NULL, NULL, '2021-08-01');

-- --------------------------------------------------------

--
-- Table structure for table `users`
--

CREATE TABLE `users` (
  `user_id` int(11) NOT NULL,
  `username` varchar(50) NOT NULL,
  `password` varchar(255) NOT NULL,
  `email` varchar(100) NOT NULL,
  `role` enum('admin','faculty','student') NOT NULL,
  `status` enum('active','inactive') NOT NULL DEFAULT 'active',
  `created_at` timestamp NOT NULL DEFAULT current_timestamp()
) ENGINE=InnoDB DEFAULT CHARSET=utf8mb4 COLLATE=utf8mb4_unicode_ci;

--
-- Dumping data for table `users`
--

INSERT INTO `users` (`user_id`, `username`, `password`, `email`, `role`, `status`, `created_at`) VALUES
(1, 'admin', '$2b$10$d.XGsXjEfoWvL4EV80zCDOBsMiFM8ahfny8NLxuZPu5FQN2yjGWq2', 'admin@example.com', 'admin', 'active', '2026-06-21 14:41:50'),
(3, 'FAC001', '$2y$10$ie3s4p0uvsim907bWAAy1Om/X01yOUUWtyuX1KIVxK5WYNPIEQj76', 'prof.sharma@college.edu', 'faculty', 'active', '2026-06-28 06:00:35'),
(4, 'FAC002', '$2y$10$ie3s4p0uvsim907bWAAy1Om/X01yOUUWtyuX1KIVxK5WYNPIEQj76', 'prof.mehta@college.edu', 'faculty', 'active', '2026-06-28 06:00:35'),
(5, 'CSE2021001', '$2y$10$ie3s4p0uvsim907bWAAy1Om/X01yOUUWtyuX1KIVxK5WYNPIEQj76', 'arjun.kumar@student.edu', 'student', 'active', '2026-06-28 06:00:35'),
(6, 'CSE2021002', '$2y$10$ie3s4p0uvsim907bWAAy1Om/X01yOUUWtyuX1KIVxK5WYNPIEQj76', 'priya.sharma@student.edu', 'student', 'active', '2026-06-28 06:00:35'),
(7, 'CSE2021003', '$2y$10$ie3s4p0uvsim907bWAAy1Om/X01yOUUWtyuX1KIVxK5WYNPIEQj76', 'rohit.verma@student.edu', 'student', 'active', '2026-06-28 06:00:35'),
(8, 'CSE2021004', '$2y$10$ie3s4p0uvsim907bWAAy1Om/X01yOUUWtyuX1KIVxK5WYNPIEQj76', 'sneha.patel@student.edu', 'student', 'active', '2026-06-28 06:00:35'),
(9, 'CSE2021005', '$2y$10$ie3s4p0uvsim907bWAAy1Om/X01yOUUWtyuX1KIVxK5WYNPIEQj76', 'amit.singh@student.edu', 'student', 'active', '2026-06-28 06:00:35'),
(10, 'CSE2021006', '$2y$10$ie3s4p0uvsim907bWAAy1Om/X01yOUUWtyuX1KIVxK5WYNPIEQj76', 'pooja.reddy@student.edu', 'student', 'active', '2026-06-28 06:00:35'),
(11, 'CSE2021007', '$2y$10$ie3s4p0uvsim907bWAAy1Om/X01yOUUWtyuX1KIVxK5WYNPIEQj76', 'vikram.nair@student.edu', 'student', 'active', '2026-06-28 06:00:35'),
(12, 'CSE2021008', '$2y$10$ie3s4p0uvsim907bWAAy1Om/X01yOUUWtyuX1KIVxK5WYNPIEQj76', 'ananya.iyer@student.edu', 'student', 'active', '2026-06-28 06:00:35'),
(13, 'CSE2021009', '$2y$10$ie3s4p0uvsim907bWAAy1Om/X01yOUUWtyuX1KIVxK5WYNPIEQj76', 'karan.joshi@student.edu', 'student', 'active', '2026-06-28 06:00:35'),
(14, 'CSE2021010', '$2y$10$ie3s4p0uvsim907bWAAy1Om/X01yOUUWtyuX1KIVxK5WYNPIEQj76', 'divya.menon@student.edu', 'student', 'active', '2026-06-28 06:00:35'),
(15, 'ECE2021001', '$2y$10$ie3s4p0uvsim907bWAAy1Om/X01yOUUWtyuX1KIVxK5WYNPIEQj76', 'rahul.pillai@student.edu', 'student', 'active', '2026-06-28 06:00:35'),
(16, 'ECE2021002', '$2y$10$ie3s4p0uvsim907bWAAy1Om/X01yOUUWtyuX1KIVxK5WYNPIEQj76', 'nisha.gupta@student.edu', 'student', 'active', '2026-06-28 06:00:35'),
(17, 'ECE2021003', '$2y$10$ie3s4p0uvsim907bWAAy1Om/X01yOUUWtyuX1KIVxK5WYNPIEQj76', 'suresh.kumar@student.edu', 'student', 'active', '2026-06-28 06:00:35'),
(18, 'ECE2021004', '$2y$10$ie3s4p0uvsim907bWAAy1Om/X01yOUUWtyuX1KIVxK5WYNPIEQj76', 'meera.das@student.edu', 'student', 'active', '2026-06-28 06:00:35'),
(19, 'ECE2021005', '$2y$10$ie3s4p0uvsim907bWAAy1Om/X01yOUUWtyuX1KIVxK5WYNPIEQj76', 'ajay.tiwari@student.edu', 'student', 'active', '2026-06-28 06:00:35'),
(20, 'ECE2021006', '$2y$10$ie3s4p0uvsim907bWAAy1Om/X01yOUUWtyuX1KIVxK5WYNPIEQj76', 'kavya.rao@student.edu', 'student', 'active', '2026-06-28 06:00:35'),
(21, 'ECE2021007', '$2y$10$ie3s4p0uvsim907bWAAy1Om/X01yOUUWtyuX1KIVxK5WYNPIEQj76', 'nikhil.shah@student.edu', 'student', 'active', '2026-06-28 06:00:35'),
(22, 'ECE2021008', '$2y$10$ie3s4p0uvsim907bWAAy1Om/X01yOUUWtyuX1KIVxK5WYNPIEQj76', 'ritu.bose@student.edu', 'student', 'active', '2026-06-28 06:00:35'),
(23, 'ECE2021009', '$2y$10$ie3s4p0uvsim907bWAAy1Om/X01yOUUWtyuX1KIVxK5WYNPIEQj76', 'deepak.choudhary@student.edu', 'student', 'active', '2026-06-28 06:00:35'),
(24, 'ECE2021010', '$2y$10$ie3s4p0uvsim907bWAAy1Om/X01yOUUWtyuX1KIVxK5WYNPIEQj76', 'swati.agarwal@student.edu', 'student', 'active', '2026-06-28 06:00:35'),
(26, 'FAC003', '$2y$10$ie3s4p0uvsim907bWAAy1Om/X01yOUUWtyuX1KIVxK5WYNPIEQj76', 'anuradha.d@college.edu', 'faculty', 'active', '2026-06-28 06:59:02'),
(27, 'FAC004', '$2y$10$ie3s4p0uvsim907bWAAy1Om/X01yOUUWtyuX1KIVxK5WYNPIEQj76', 'kanagaraj.r@college.edu', 'faculty', 'active', '2026-06-28 06:59:02'),
(28, 'FAC005', '$2y$10$ie3s4p0uvsim907bWAAy1Om/X01yOUUWtyuX1KIVxK5WYNPIEQj76', 'sivakumar.v@college.edu', 'faculty', 'active', '2026-06-28 06:59:02'),
(29, 'FAC006', '$2y$10$ie3s4p0uvsim907bWAAy1Om/X01yOUUWtyuX1KIVxK5WYNPIEQj76', 'deepika.j@college.edu', 'faculty', 'active', '2026-06-28 06:59:02'),
(30, 'FAC007', '$2y$10$ie3s4p0uvsim907bWAAy1Om/X01yOUUWtyuX1KIVxK5WYNPIEQj76', 'hiteshwar.azad@college.edu', 'faculty', 'active', '2026-06-28 06:59:02'),
(31, 'FAC008', '$2y$10$ie3s4p0uvsim907bWAAy1Om/X01yOUUWtyuX1KIVxK5WYNPIEQj76', 'thanuja@college.edu', 'faculty', 'active', '2026-06-28 06:59:02'),
(32, 'FAC009', '$2y$10$ie3s4p0uvsim907bWAAy1Om/X01yOUUWtyuX1KIVxK5WYNPIEQj76', 'arthi.m@college.edu', 'faculty', 'active', '2026-06-28 06:59:02'),
(33, 'FAC010', '$2y$10$ie3s4p0uvsim907bWAAy1Om/X01yOUUWtyuX1KIVxK5WYNPIEQj76', 'anisha.lal@college.edu', 'faculty', 'active', '2026-06-28 06:59:02'),
(34, 'FAC011', '$2y$10$ie3s4p0uvsim907bWAAy1Om/X01yOUUWtyuX1KIVxK5WYNPIEQj76', 'srivani@college.edu', 'faculty', 'active', '2026-06-28 06:59:02'),
(35, 'FAC012', '$2y$10$ie3s4p0uvsim907bWAAy1Om/X01yOUUWtyuX1KIVxK5WYNPIEQj76', 'adrija.bhattacharya@college.edu', 'faculty', 'active', '2026-06-28 06:59:02'),
(36, 'FAC013', '$2y$10$ie3s4p0uvsim907bWAAy1Om/X01yOUUWtyuX1KIVxK5WYNPIEQj76', 'dhivyaa.cr@college.edu', 'faculty', 'active', '2026-06-28 06:59:02'),
(37, 'FAC014', '$2y$10$ie3s4p0uvsim907bWAAy1Om/X01yOUUWtyuX1KIVxK5WYNPIEQj76', 'parthiban.k@college.edu', 'faculty', 'active', '2026-06-28 06:59:02'),
(38, 'FAC015', '$2y$10$ie3s4p0uvsim907bWAAy1Om/X01yOUUWtyuX1KIVxK5WYNPIEQj76', 'ranjithkumar.s@college.edu', 'faculty', 'active', '2026-06-28 06:59:02'),
(39, 'FAC016', '$2y$10$ie3s4p0uvsim907bWAAy1Om/X01yOUUWtyuX1KIVxK5WYNPIEQj76', 'shalini@college.edu', 'faculty', 'active', '2026-06-28 06:59:02'),
(40, 'FAC017', '$2y$10$ie3s4p0uvsim907bWAAy1Om/X01yOUUWtyuX1KIVxK5WYNPIEQj76', 'sathya.k@college.edu', 'faculty', 'active', '2026-06-28 06:59:02'),
(41, 'FAC018', '$2y$10$ie3s4p0uvsim907bWAAy1Om/X01yOUUWtyuX1KIVxK5WYNPIEQj76', 'vijayashree.j@college.edu', 'faculty', 'active', '2026-06-28 06:59:02'),
(42, 'FAC019', '$2y$10$ie3s4p0uvsim907bWAAy1Om/X01yOUUWtyuX1KIVxK5WYNPIEQj76', 'shareef.basha@college.edu', 'faculty', 'active', '2026-06-28 06:59:02'),
(43, 'FAC020', '$2y$10$ie3s4p0uvsim907bWAAy1Om/X01yOUUWtyuX1KIVxK5WYNPIEQj76', 'chiranjeevi.c@college.edu', 'faculty', 'active', '2026-06-28 06:59:02'),
(44, 'HOD001', '$2y$10$ie3s4p0uvsim907bWAAy1Om/X01yOUUWtyuX1KIVxK5WYNPIEQj76', 'prasenjit.hod@college.edu', 'faculty', 'active', '2026-06-28 06:59:02'),
(45, 'CSE2021011', '$2y$10$ie3s4p0uvsim907bWAAy1Om/X01yOUUWtyuX1KIVxK5WYNPIEQj76', 'debansha.datta@student.edu', 'student', 'active', '2026-06-28 06:59:02'),
(46, 'CSE2021012', '$2y$10$ie3s4p0uvsim907bWAAy1Om/X01yOUUWtyuX1KIVxK5WYNPIEQj76', 'parnasree.das@student.edu', 'student', 'active', '2026-06-28 06:59:02'),
(47, 'CSE2021013', '$2y$10$ie3s4p0uvsim907bWAAy1Om/X01yOUUWtyuX1KIVxK5WYNPIEQj76', 'tirthasree.biswas@student.edu', 'student', 'active', '2026-06-28 06:59:02');

--
-- Indexes for dumped tables
--

--
-- Indexes for table `attendance`
--
ALTER TABLE `attendance`
  ADD PRIMARY KEY (`attendance_id`),
  ADD UNIQUE KEY `unique_attendance` (`student_id`,`course_id`,`attendance_date`),
  ADD KEY `course_id` (`course_id`),
  ADD KEY `marked_by` (`marked_by`);

--
-- Indexes for table `backlogs`
--
ALTER TABLE `backlogs`
  ADD PRIMARY KEY (`backlog_id`),
  ADD KEY `student_id` (`student_id`),
  ADD KEY `course_id` (`course_id`);

--
-- Indexes for table `courses`
--
ALTER TABLE `courses`
  ADD PRIMARY KEY (`course_id`),
  ADD UNIQUE KEY `course_code` (`course_code`),
  ADD KEY `department_id` (`department_id`);

--
-- Indexes for table `course_assignments`
--
ALTER TABLE `course_assignments`
  ADD PRIMARY KEY (`assignment_id`),
  ADD UNIQUE KEY `unique_assignment` (`course_id`,`faculty_id`,`academic_year`,`semester`),
  ADD KEY `faculty_id` (`faculty_id`);

--
-- Indexes for table `departments`
--
ALTER TABLE `departments`
  ADD PRIMARY KEY (`department_id`),
  ADD UNIQUE KEY `department_code` (`department_code`);

--
-- Indexes for table `enrollments`
--
ALTER TABLE `enrollments`
  ADD PRIMARY KEY (`enrollment_id`),
  ADD UNIQUE KEY `unique_enrollment` (`student_id`,`course_id`,`academic_year`,`semester`),
  ADD KEY `course_id` (`course_id`);

--
-- Indexes for table `faculty`
--
ALTER TABLE `faculty`
  ADD PRIMARY KEY (`faculty_id`),
  ADD UNIQUE KEY `employee_code` (`employee_code`),
  ADD UNIQUE KEY `user_id` (`user_id`),
  ADD KEY `department_id` (`department_id`);

--
-- Indexes for table `marks`
--
ALTER TABLE `marks`
  ADD PRIMARY KEY (`marks_id`),
  ADD UNIQUE KEY `unique_marks` (`student_id`,`course_id`,`academic_year`,`semester`),
  ADD KEY `course_id` (`course_id`);

--
-- Indexes for table `semester_gpa`
--
ALTER TABLE `semester_gpa`
  ADD PRIMARY KEY (`gpa_id`),
  ADD UNIQUE KEY `unique_sem_gpa` (`student_id`,`semester`,`academic_year`);

--
-- Indexes for table `students`
--
ALTER TABLE `students`
  ADD PRIMARY KEY (`student_id`),
  ADD UNIQUE KEY `roll_number` (`roll_number`),
  ADD UNIQUE KEY `user_id` (`user_id`),
  ADD KEY `department_id` (`department_id`);

--
-- Indexes for table `users`
--
ALTER TABLE `users`
  ADD PRIMARY KEY (`user_id`),
  ADD UNIQUE KEY `username` (`username`),
  ADD UNIQUE KEY `email` (`email`);

--
-- AUTO_INCREMENT for dumped tables
--

--
-- AUTO_INCREMENT for table `attendance`
--
ALTER TABLE `attendance`
  MODIFY `attendance_id` int(11) NOT NULL AUTO_INCREMENT, AUTO_INCREMENT=1533;

--
-- AUTO_INCREMENT for table `backlogs`
--
ALTER TABLE `backlogs`
  MODIFY `backlog_id` int(11) NOT NULL AUTO_INCREMENT;

--
-- AUTO_INCREMENT for table `courses`
--
ALTER TABLE `courses`
  MODIFY `course_id` int(11) NOT NULL AUTO_INCREMENT, AUTO_INCREMENT=12;

--
-- AUTO_INCREMENT for table `course_assignments`
--
ALTER TABLE `course_assignments`
  MODIFY `assignment_id` int(11) NOT NULL AUTO_INCREMENT, AUTO_INCREMENT=27;

--
-- AUTO_INCREMENT for table `departments`
--
ALTER TABLE `departments`
  MODIFY `department_id` int(11) NOT NULL AUTO_INCREMENT, AUTO_INCREMENT=4;

--
-- AUTO_INCREMENT for table `enrollments`
--
ALTER TABLE `enrollments`
  MODIFY `enrollment_id` int(11) NOT NULL AUTO_INCREMENT, AUTO_INCREMENT=83;

--
-- AUTO_INCREMENT for table `faculty`
--
ALTER TABLE `faculty`
  MODIFY `faculty_id` int(11) NOT NULL AUTO_INCREMENT, AUTO_INCREMENT=23;

--
-- AUTO_INCREMENT for table `marks`
--
ALTER TABLE `marks`
  MODIFY `marks_id` int(11) NOT NULL AUTO_INCREMENT, AUTO_INCREMENT=72;

--
-- AUTO_INCREMENT for table `semester_gpa`
--
ALTER TABLE `semester_gpa`
  MODIFY `gpa_id` int(11) NOT NULL AUTO_INCREMENT, AUTO_INCREMENT=24;

--
-- AUTO_INCREMENT for table `students`
--
ALTER TABLE `students`
  MODIFY `student_id` int(11) NOT NULL AUTO_INCREMENT, AUTO_INCREMENT=25;

--
-- AUTO_INCREMENT for table `users`
--
ALTER TABLE `users`
  MODIFY `user_id` int(11) NOT NULL AUTO_INCREMENT, AUTO_INCREMENT=48;

--
-- Constraints for dumped tables
--

--
-- Constraints for table `attendance`
--
ALTER TABLE `attendance`
  ADD CONSTRAINT `attendance_ibfk_1` FOREIGN KEY (`student_id`) REFERENCES `students` (`student_id`) ON DELETE CASCADE,
  ADD CONSTRAINT `attendance_ibfk_2` FOREIGN KEY (`course_id`) REFERENCES `courses` (`course_id`) ON DELETE CASCADE,
  ADD CONSTRAINT `attendance_ibfk_3` FOREIGN KEY (`marked_by`) REFERENCES `faculty` (`faculty_id`) ON DELETE SET NULL;

--
-- Constraints for table `backlogs`
--
ALTER TABLE `backlogs`
  ADD CONSTRAINT `backlogs_ibfk_1` FOREIGN KEY (`student_id`) REFERENCES `students` (`student_id`) ON DELETE CASCADE,
  ADD CONSTRAINT `backlogs_ibfk_2` FOREIGN KEY (`course_id`) REFERENCES `courses` (`course_id`) ON DELETE CASCADE;

--
-- Constraints for table `courses`
--
ALTER TABLE `courses`
  ADD CONSTRAINT `courses_ibfk_1` FOREIGN KEY (`department_id`) REFERENCES `departments` (`department_id`) ON DELETE SET NULL;

--
-- Constraints for table `course_assignments`
--
ALTER TABLE `course_assignments`
  ADD CONSTRAINT `course_assignments_ibfk_1` FOREIGN KEY (`course_id`) REFERENCES `courses` (`course_id`) ON DELETE CASCADE,
  ADD CONSTRAINT `course_assignments_ibfk_2` FOREIGN KEY (`faculty_id`) REFERENCES `faculty` (`faculty_id`) ON DELETE CASCADE;

--
-- Constraints for table `enrollments`
--
ALTER TABLE `enrollments`
  ADD CONSTRAINT `enrollments_ibfk_1` FOREIGN KEY (`student_id`) REFERENCES `students` (`student_id`) ON DELETE CASCADE,
  ADD CONSTRAINT `enrollments_ibfk_2` FOREIGN KEY (`course_id`) REFERENCES `courses` (`course_id`) ON DELETE CASCADE;

--
-- Constraints for table `faculty`
--
ALTER TABLE `faculty`
  ADD CONSTRAINT `faculty_ibfk_1` FOREIGN KEY (`user_id`) REFERENCES `users` (`user_id`) ON DELETE SET NULL,
  ADD CONSTRAINT `faculty_ibfk_2` FOREIGN KEY (`department_id`) REFERENCES `departments` (`department_id`) ON DELETE SET NULL;

--
-- Constraints for table `marks`
--
ALTER TABLE `marks`
  ADD CONSTRAINT `marks_ibfk_1` FOREIGN KEY (`student_id`) REFERENCES `students` (`student_id`) ON DELETE CASCADE,
  ADD CONSTRAINT `marks_ibfk_2` FOREIGN KEY (`course_id`) REFERENCES `courses` (`course_id`) ON DELETE CASCADE;

--
-- Constraints for table `semester_gpa`
--
ALTER TABLE `semester_gpa`
  ADD CONSTRAINT `semester_gpa_ibfk_1` FOREIGN KEY (`student_id`) REFERENCES `students` (`student_id`) ON DELETE CASCADE;

--
-- Constraints for table `students`
--
ALTER TABLE `students`
  ADD CONSTRAINT `students_ibfk_1` FOREIGN KEY (`user_id`) REFERENCES `users` (`user_id`) ON DELETE SET NULL,
  ADD CONSTRAINT `students_ibfk_2` FOREIGN KEY (`department_id`) REFERENCES `departments` (`department_id`) ON DELETE SET NULL;
COMMIT;

/*!40101 SET CHARACTER_SET_CLIENT=@OLD_CHARACTER_SET_CLIENT */;
/*!40101 SET CHARACTER_SET_RESULTS=@OLD_CHARACTER_SET_RESULTS */;
/*!40101 SET COLLATION_CONNECTION=@OLD_COLLATION_CONNECTION */;
